pathway,Adipose - Subcutaneous,Adipose - Visceral (Omentum),Adrenal Gland,Artery - Aorta,Artery - Coronary,Artery - Tibial,Brain,Breast - Mammary Tissue,Colon - Sigmoid,Colon - Transverse,Esophagus - Gastroesophageal Junction,Esophagus - Mucosa,Esophagus - Muscularis,Heart - Atrial Appendage,Heart - Left Ventricle,Liver,Lung,Muscle - Skeletal,Nerve - Tibial,Pancreas,Pituitary,Prostate,Skin - Not Sun Exposed (Suprapubic),Skin - Sun Exposed (Lower Leg),Stomach,Testis,Thyroid,Whole Blood
Glycolysis / Gluconeogenesis,6.2712033589681e-05,-7.947285970052196e-09,0.0,7.464488347371419e-06,-0.00017598271369934082,-2.6106834411621096e-06,0.0,-1.1096398035685224e-05,3.800590833028158e-05,1.8938382466634115e-05,3.674825032552083e-05,1.7841657002766872e-06,5.718072255452474e-05,-0.00011690457661946614,0.0,0.0,0.0,2.086162567138672e-07,4.345973332722982e-05,0.0,-2.9246012369791664e-06,-4.732608795166015e-06,-3.158847490946452e-05,-7.131695747375488e-05,-4.768371582031253e-07,0.0,0.0,0.0
Citrate cycle (TCA cycle),3.0833482742309574e-05,1.7565488815307617e-05,0.0,-3.953774770100911e-07,-4.2959054311116544e-05,-2.320607503255208e-06,0.0,-3.905495007832845e-05,-1.1340777079264317e-05,1.9911924997965495e-05,1.1070569356282548e-05,0.0001280566056569417,3.0730168024698896e-05,-9.696086247762044e-05,0.0,0.0,0.0,0.0,0.0001445472240447998,0.0,-2.1934509277343753e-06,-3.1510988871256515e-06,8.664528528849286e-06,2.7215480804443364e-05,1.6073385874430338e-06,0.0,0.0,0.0
Pentose phosphate pathway,-4.617174466451009e-05,3.262360890706381e-06,0.0,1.4535586039225261e-05,4.639824231465658e-05,-1.4503796895345051e-06,0.0,-3.0181805292765303e-05,-2.4378299713134766e-05,2.428690592447917e-05,-0.000292964776357015,2.3229916890462237e-05,3.7344296773274745e-05,-4.7320127487182616e-05,0.0,0.0,0.0,0.0,0.000179596741994222,0.0,-5.125999450683594e-06,4.732608795166016e-06,-3.819068272908529e-05,-7.888078689575194e-05,5.549192428588868e-06,0.0,0.0,0.0
Pentose and glucuronate interconversions,-1.9649664560953777e-05,1.674493153889974e-05,0.0,1.0605653127034504e-05,-2.7954578399658203e-05,-1.7404556274414062e-06,0.0,-3.3289194107055664e-05,0.0001548608144124349,5.330642064412435e-06,0.0001820564270019531,0.00017272432645161948,-4.967053731282552e-06,0.00022638837496439615,0.0,0.0,0.0,2.086162567138672e-07,-6.574392318725586e-05,0.0,-2.9325485229492185e-06,-2.367893854777018e-05,-2.9506285985310874e-05,-5.1665306091308584e-05,7.871786753336588e-06,0.0,0.0,0.0
Fructose and mannose metabolism,-1.5517075856526692e-06,-1.2671947479248047e-05,0.0,7.855892181396483e-06,5.527337392171224e-05,2.90075937906901e-07,0.0,-3.417531649271647e-05,-1.2477238972981771e-05,-2.917249997456869e-05,0.00012778441111246743,1.1010964711507176e-05,1.8167495727539063e-05,-2.3166338602701827e-06,0.0,0.0,0.0,0.0,-0.0001309216022491455,0.0,-5.118052164713542e-06,-3.1550725301106773e-06,-2.445777257283529e-06,-2.7469793955485023e-05,2.3106733957926427e-06,0.0,0.0,0.0
Galactose metabolism,7.597605387369792e-05,3.673632939656575e-06,0.0,7.851918538411458e-06,-3.8182735443115236e-05,-2.9007593790690103e-06,0.0,-2.0412604014078778e-05,-0.0001780966917673747,4.839897155761719e-06,0.00013537009557088215,8.457303047180178e-05,5.9495369593302407e-05,1.577536265055339e-05,0.0,0.0,0.0,4.172325134277344e-07,5.21401564280192e-05,0.0,-1.4623006184895832e-06,-1.73648198445638e-05,-4.408756891886393e-05,-0.00010308027267456054,2.306699752807617e-06,0.0,0.0,0.0
Ascorbate and aldarate metabolism,-2.062320709228515e-06,2.855062484741211e-06,0.0,9.816884994506837e-06,-4.07695770263672e-06,-1.4503796895345051e-06,0.0,-5.414883295694988e-05,0.00014181335767110188,7.76052474975586e-06,0.00019897222518920895,-1.6687313715616854e-05,2.0486116409301757e-05,7.097721099853515e-05,0.0,0.0,0.0,0.0,-0.00015264352162679037,0.0,-5.863110224405925e-06,-9.473164876302085e-06,-3.22878360748291e-05,-8.215308189392091e-05,6.4849853515625e-06,0.0,0.0,0.0
Fatty acid biosynthesis,1.0434786478678387e-05,4.897514979044597e-06,0.0,1.9252300262451172e-05,-0.0002012153466542562,2.90075937906901e-07,0.0,-3.107190132141114e-05,-0.00010096232096354166,-1.1676549911499024e-05,6.825725237528484e-05,6.0151020685831703e-05,-4.639228185017903e-06,8.257627487182616e-05,0.0,0.0,0.0,1.2516975402832031e-06,8.342663447062175e-05,0.0,-7.313489913940429e-06,2.372264862060546e-06,3.6774079004923504e-05,-9.57628091176351e-05,-2.80141830444336e-06,0.0,0.0,0.0
Fatty acid elongation,-1.4046827952067057e-05,1.6341606775919597e-05,0.0,5.499521891276042e-06,-0.00021144747734069824,-2.6106834411621096e-06,0.0,-1.5536944071451824e-05,-2.6651223500569658e-05,2.233584721883138e-05,-0.0001386125882466634,-2.144376436869303e-05,-2.116759618123372e-05,-7.747014363606771e-05,0.0,0.0,0.0,0.0,-0.0001271486282348633,0.0,-5.8551629384358725e-06,7.88768132527669e-07,3.4590562184651696e-06,1.0073184967041016e-05,-1.589457194010383e-08,0.0,0.0,0.0
Fatty acid degradation,7.953445116678874e-05,1.221895217895508e-06,0.0,7.071097691853841e-06,-7.024208704630534e-05,-1.4503796895345051e-06,0.0,-2.4410088857014976e-05,7.37448533376058e-05,2.4282932281494143e-05,0.0001750508944193522,-0.00014354983965555828,1.2216965357462567e-05,-8.582472801208495e-05,0.0,0.0,0.0,4.172325134277344e-07,-4.083712895711262e-05,0.0,-5.1279862721761075e-06,-3.153085708618164e-06,1.9417206446329752e-05,-2.3692846298217773e-05,9.725491205851236e-06,0.0,0.0,0.0
Steroid biosynthesis,-8.518695831298828e-05,-2.048412958780925e-06,0.0,2.360343933105469e-06,9.347001711527507e-05,-2.90075937906901e-07,-8.145968119303384e-08,-3.196001052856445e-05,-0.00012081265449523925,-7.873773574829102e-05,9.276668230692546e-05,6.58114751180013e-05,-4.4633944829305015e-05,-0.00021850466728210447,0.0,0.0,0.0,1.2516975402832031e-06,3.0994415283203125e-05,0.0,-3.66369883219401e-06,-3.1550725301106773e-06,6.794929504394535e-07,-0.00012196898460388183,-1.408656438191732e-06,0.0,0.0,0.0
Primary bile acid biosynthesis,-1.7865498860677088e-05,2.857049306233723e-06,0.0,-7.847944895426432e-07,0.0001998881498972575,-1.7404556274414062e-06,0.0,-8.883078893025716e-06,0.00011174877484639485,3.108382225036621e-05,0.0001808921496073405,3.603696823120117e-05,-3.7034352620442704e-05,1.7625093460083007e-05,0.0,0.0,0.0,0.0,-0.00014134844144185384,0.0,-4.388888676961263e-06,-5.5213769276936844e-06,3.3577283223470007e-07,-2.092123031616211e-05,5.090236663818359e-06,0.0,0.0,0.0
Ubiquinone and other terpenoid-quinone biosynthesis,5.5062770843505863e-05,-1.3891855875651043e-05,0.0,3.065069516499837e-05,-3.886222839355468e-05,-5.80151875813802e-07,0.0,-3.373424212137858e-05,-0.00011230508486429851,2.7688344319661457e-05,0.00016746719678243,5.062421162923171e-06,-4.307428995768231e-06,0.00014705856641133625,0.0,0.0,0.0,1.4603137969970703e-06,-0.00037190715471903483,0.0,-7.311503092447916e-07,-1.1044740676879882e-05,-6.213585535685222e-05,-5.216797192891438e-05,-8.831421534220377e-06,0.0,0.0,0.0
Steroid hormone biosynthesis,-2.11795171101888e-05,7.750590642293294e-06,0.0,7.853905359903972e-06,0.0002142071723937988,-8.702278137207031e-07,8.145968119303384e-08,-2.5745232899983728e-05,3.6875406901041664e-05,-2.965927124023438e-05,-6.829897562662761e-05,0.00012835065523783367,3.602306048075358e-05,0.00015540719032287596,0.0,0.0,0.0,6.258487701416016e-07,6.373325983683268e-05,0.0,-7.311503092447916e-07,1.737078030904134e-05,-9.735425313313803e-06,-3.578464190165202e-05,4.621346791585287e-06,0.0,0.0,0.0
Oxidative phosphorylation,3.4916400909423825e-05,-7.363160451253256e-06,0.0,1.0603666305541993e-05,-0.00013437072436014812,-1.160303751627604e-06,0.0,-1.419981320699056e-05,-9.358723958333333e-05,6.306171417236329e-06,-9.747147560119629e-05,-5.063017209370931e-05,-9.26653544108073e-06,-0.0001359224319458008,0.0,0.0,0.0,0.0,-6.573994954427084e-05,0.0,-2.199411392211914e-06,-7.889668146769206e-06,2.2194782892862953e-05,2.1668275197347003e-05,-7.947285970051914e-09,0.0,0.0,0.0
Arginine biosynthesis,-3.189444541931152e-05,-4.498163859049479e-06,0.0,5.888938903808594e-06,6.345907847086589e-05,-5.80151875813802e-07,0.0,-3.99470329284668e-05,-0.0001106103261311849,9.214878082275392e-06,-8.113582928975423e-05,0.0001262664794921875,-4.5627355575561523e-05,-0.00023983915646870932,0.0,0.0,0.0,2.086162567138672e-07,-0.00012020071347554525,0.0,-1.4623006184895832e-06,-8.686383565266928e-06,3.8067499796549484e-06,-9.17355219523112e-05,-6.512800852457682e-06,0.0,0.0,0.0
Purine metabolism,5.847215652465821e-06,2.855062484741211e-06,0.0,7.851918538411458e-06,-9.002884229024252e-05,-1.4503796895345051e-06,0.0,-1.86463197072347e-05,7.657607396443685e-05,1.359383265177409e-05,-0.00013890266418457032,-7.624626159667969e-05,2.7098258336385094e-05,-0.00015169978141784667,0.0,0.0,0.0,2.086162567138672e-07,0.00014917453130086264,0.0,-2.9285748799641923e-06,3.16301981608073e-06,4.152456919352214e-06,-1.7682711283365886e-06,-4.788239796956379e-07,0.0,0.0,0.0
Pyrimidine metabolism,1.2735525767008463e-05,2.2063652674357097e-05,0.0,5.108118057250977e-06,-1.4990568161010744e-05,-8.702278137207031e-07,0.0,-2.3519992828369145e-05,1.4185905456542969e-05,-2.285440762837728e-05,-3.212094306945801e-05,-1.7575422922770183e-05,6.148219108581543e-05,-6.490945816040038e-06,0.0,0.0,0.0,1.2516975402832031e-06,9.854634602864582e-06,0.0,-5.1299730936686196e-06,7.88768132527669e-07,-1.3204415639241535e-05,-7.384022076924641e-05,2.30868657430013e-06,0.0,0.0,0.0
"Alanine, aspartate and glutamate metabolism",6.653467814127604e-05,1.4297167460123697e-05,0.0,5.108118057250977e-06,0.00013235012690226237,8.702278137207031e-07,8.145968119303384e-08,-2.485513687133789e-05,-0.00011117060979207356,1.2135505676269533e-05,-0.0001441637674967448,-7.59442647298177e-05,-3.95198663075765e-05,-0.00019808610280354819,0.0,0.0,0.0,8.344650268554688e-07,-0.00020738641421000163,0.0,-5.118052164713542e-06,3.953774770100911e-06,4.9612919489542644e-05,-2.8222799301147458e-05,3.238519032796224e-06,0.0,0.0,0.0
"Glycine, serine and threonine metabolism",5.1238139470418294e-05,1.2662013371785484e-05,0.0,1.2962023417154948e-05,0.00011598666508992512,-5.80151875813802e-07,0.0,-2.174973487854004e-05,1.362363497416178e-05,1.8449624379475913e-05,-1.6945600509643552e-05,-0.0001998364925384521,5.5189927419026696e-05,-3.4791231155395504e-05,0.0,0.0,0.0,6.258487701416016e-07,4.693269729614258e-05,0.0,-5.849202473958333e-06,5.521376927693685e-06,7.6174736022949226e-06,6.047884623209635e-06,8.340676625569662e-06,0.0,0.0,0.0
Cysteine and methionine metabolism,5.302230517069498e-05,-1.0637442270914714e-05,0.0,6.679693857828776e-06,0.00013166467348734538,-8.702278137207031e-07,0.0,-1.1090437571207684e-05,-2.6086966196695965e-05,3.868341445922852e-06,-0.00010273059209187827,-0.00015516479810078938,4.1311979293823244e-05,-3.897349039713542e-05,0.0,0.0,0.0,4.172325134277344e-07,0.00016134182612101235,0.0,-3.6577383677164714e-06,-3.9458274841308595e-06,3.156661987304687e-05,-4.662275314331054e-05,5.092223485310873e-06,0.0,0.0,0.0
"Valine, leucine and isoleucine degradation",-2.0164251327514646e-05,-6.137291590372721e-06,0.0,6.677707036336264e-06,-9.616613388061525e-05,-1.7404556274414062e-06,0.0,-3.417531649271647e-05,0.00013671120007832844,2.8651952743530276e-05,-5.6630373001098634e-05,-6.432930628458659e-05,3.300110499064126e-06,6.035963694254557e-06,0.0,0.0,0.0,2.086162567138672e-07,5.221366882324219e-06,0.0,-2.9246012369791664e-06,-2.370278040568035e-06,1.4563401540120443e-05,3.17533810933431e-05,5.0902366638183606e-06,0.0,0.0,0.0
Lysine degradation,1.0689099629720053e-05,1.8384059270222982e-05,0.0,3.9299329121907554e-06,3.8901964823404946e-05,-1.7404556274414062e-06,0.0,-3.9949019749959304e-05,6.8108240763346345e-06,-1.993974049886068e-05,-4.962881406148275e-05,-6.388028462727865e-05,-1.9514560699462893e-05,-2.7368466059366866e-05,0.0,0.0,0.0,0.0,-2.3742516835530598e-05,0.0,0.0,-3.945827484130859e-06,-2.4418036142985023e-06,-7.818142573038736e-06,3.2345453898111983e-06,0.0,0.0,0.0
Arginine and proline metabolism,-2.8071800867716473e-05,1.3073285420735678e-05,0.0,1.1781851450602213e-05,4.5043230056762705e-05,-1.7404556274414062e-06,-8.145968119303384e-08,-3.3287207285563146e-05,6.012717882792154e-05,3.7399927775065106e-05,-0.0001313189665476481,9.856820106506347e-05,5.618929862976075e-05,-0.0001164436340332031,3.9339065551757816e-07,0.0,0.0,2.086162567138672e-07,-0.0003336747487386068,0.0,-8.783737818400066e-06,3.157059351603189e-06,1.3709068298339844e-06,-8.467634518941243e-05,3.2285849253336587e-06,0.0,0.0,0.0
Histidine metabolism,1.1456012725830076e-05,7.351239522298176e-06,0.0,9.816884994506837e-06,-5.441904067993164e-06,-5.80151875813802e-07,-3.2583872477213537e-07,-2.1298726399739582e-05,0.00020760297775268555,5.344351132710774e-05,-4.3783585230509436e-05,-6.8585077921549485e-06,2.031524976094564e-05,6.030797958374024e-05,3.9339065551757816e-07,0.0,0.0,0.0,-6.05305035909017e-05,0.0,-5.120038986206054e-06,1.2638171513875324e-05,3.8067499796549484e-06,-1.9405285517374674e-05,6.4849853515625e-06,0.0,0.0,0.0
Tyrosine metabolism,-2.9343366622924805e-05,1.1026859283447266e-05,0.0,8.636713027954102e-06,-0.00012549757957458493,-1.4503796895345051e-06,0.0,-2.7519464492797854e-05,-5.67158063252767e-05,3.108779589335123e-05,0.00013770461082458497,0.00012805064519246417,4.230141639709472e-05,-0.00018788377443949386,0.0,0.0,0.0,0.0,-1.1293093363444012e-05,0.0,-7.331371307373046e-07,-7.891654968261719e-06,-2.445777257283529e-06,-8.014440536499024e-05,-2.3325284322102856e-06,0.0,0.0,0.0
Phenylalanine metabolism,-9.130636850992839e-05,2.16523806254069e-05,0.0,1.1394421259562174e-05,0.0003138065338134766,-1.160303751627604e-06,8.145968119303384e-08,-2.9738744099934896e-05,1.58846378326416e-05,9.218851725260418e-06,-0.00017625292142232256,0.00020876129468282061,9.834766387939453e-07,-7.886489232381186e-05,0.0,0.0,0.0,0.0,1.2465318044026692e-05,0.0,-4.390875498453776e-06,3.1610329945882165e-06,1.3518333435058591e-05,-3.2007694244384766e-05,1.3808409372965495e-06,0.0,0.0,0.0
Tryptophan metabolism,-5.968809127807617e-05,4.903475443522135e-06,0.0,8.640686670939128e-06,9.34739907582601e-05,-2.90075937906901e-07,0.0,-5.947550137837728e-05,0.00014011065165201822,4.420677820841471e-05,7.875959078470867e-05,-8.189876874287924e-05,6.280342737833659e-05,-6.4929326375325515e-06,3.9339065551757816e-07,0.0,0.0,8.344650268554688e-07,-9.181300799051921e-05,0.0,-2.9325485229492185e-06,2.376238505045572e-06,-1.589457194010439e-08,-2.6969114939371747e-05,4.162391026814778e-06,0.0,0.0,0.0
beta-Alanine metabolism,-3.3674637476603185e-05,1.5113751093546551e-05,0.0,5.499521891276042e-06,5.799929300944011e-05,-8.702278137207031e-07,0.0,-3.906091054280599e-05,9.700059890747072e-05,1.4565388361612956e-05,2.332528432210287e-05,-4.110137621561686e-05,3.296136856079101e-06,8.860429128011069e-05,0.0,0.0,0.0,4.172325134277344e-07,-8.225639661153159e-05,0.0,-6.582339604695637e-06,-7.82807668050132e-07,8.664528528849284e-06,-3.7298599878946946e-05,5.088249842325847e-06,0.0,0.0,0.0
Taurine and hypotaurine metabolism,-3.265937169392903e-05,1.4299154281616211e-05,0.0,1.2177228927612304e-05,-0.0002660254637400309,-1.160303751627604e-06,3.2583872477213537e-07,4.881620407104492e-06,-6.804863611857101e-06,3.983577092488607e-05,-0.0001762568950653076,0.00017540653546651208,7.271766662597656e-05,6.587704022725423e-05,0.0,0.0,0.0,2.086162567138672e-07,0.0002537469069163005,0.0,-2.9265880584716798e-06,-7.887681325276692e-06,6.41942024230957e-05,8.668700853983562e-05,1.018842061360677e-05,0.0,0.0,0.0
Selenocompound metabolism,6.245772043863932e-05,-4.1921933492024787e-07,0.0,1.3353427251180013e-05,6.891290346781413e-05,-8.702278137207031e-07,8.145968119303384e-08,-2.7960538864135747e-05,0.0001287718613942464,-1.6051530838012696e-05,-2.685785293579102e-05,-0.00014712214469909666,2.974073092142741e-05,-0.0001614391803741455,0.0,0.0,0.0,4.172325134277344e-07,-3.0410289764404296e-05,0.0,-3.66369883219401e-06,1.4213720957438151e-05,-2.2914012273152673e-05,-3.7046273549397785e-05,6.941954294840494e-06,0.0,0.0,0.0
Glutathione metabolism,-1.0474522908528645e-05,1.2252728144327801e-05,0.0,9.032090504964193e-06,9.566545486450195e-06,-1.7404556274414062e-06,0.0,-4.001458485921225e-06,-3.4024318059285484e-05,2.0398696263631182e-05,-0.0002427816390991211,-5.093614260355632e-05,-7.613499959309897e-06,0.0001141210397084554,0.0,0.0,0.0,6.258487701416016e-07,0.00014309287071228026,0.0,-3.6557515462239585e-06,-3.15705935160319e-06,6.924072901407878e-06,2.2174914677937824e-05,6.484985351562501e-06,0.0,0.0,0.0
Starch and sucrose metabolism,5.332628885904949e-06,-5.3087870279947914e-06,0.0,4.323323567708333e-06,0.00017532706260681152,-2.90075937906901e-07,8.145968119303384e-08,-2.8407573699951166e-05,-0.00022574464480082195,2.1849075953165686e-05,-0.00011381308237711587,7.861852645874023e-05,5.0902366638183594e-05,-9.742180506388345e-05,0.0,0.0,0.0,0.0,7.850329081217448e-05,0.0,-1.4623006184895832e-06,1.5815099080403655e-06,-3.819068272908528e-05,-0.00011113683382670084,6.477038065592448e-06,0.0,0.0,0.0
N-Glycan biosynthesis,-3.4697850545247395e-05,-5.316734313964846e-06,0.0,7.851918538411458e-06,-5.1144758860270185e-05,0.0,0.0,-2.6184320449829102e-05,2.382993698120117e-05,1.4565388361612954e-05,7.059176762898763e-05,1.1861324310302698e-06,1.949469248453776e-05,-0.00016746918360392252,0.0,0.0,0.0,1.043081283569336e-06,6.083448727925618e-05,0.0,-5.120038986206054e-06,9.465217590332032e-06,-5.217393239339192e-06,-3.049174944559733e-05,-4.808108011881509e-07,0.0,0.0,0.0
Other glycan degradation,9.917815526326498e-05,1.1024872461954754e-05,0.0,1.1801719665527344e-06,5.527337392171224e-05,-2.90075937906901e-07,0.0,-6.080269813537597e-05,2.9502312342325848e-05,-2.7229388554890946e-05,-3.970066706339518e-05,-0.00015307068824768069,-8.92659028371175e-05,-5.056460698445638e-05,0.0,0.0,0.0,1.6689300537109375e-06,-0.00015785296758015951,0.0,-8.783737818400066e-06,-7.89364178975423e-06,-3.090302149454753e-05,-1.990795135498047e-05,-1.3931592305501303e-05,0.0,0.0,0.0
Mucin type O-glycan biosynthesis,4.907449086507159e-07,2.0364920298258454e-06,0.0,1.099705696105957e-05,-0.00013369321823120117,-2.90075937906901e-07,0.0,-2.174973487854004e-05,0.00014464656511942544,-1.1197725931803384e-05,6.40352567036947e-06,-7.132887840270995e-05,4.924535751342773e-05,-6.865461667378743e-05,3.9339065551757816e-07,0.0,0.0,0.0,-0.00032150546709696455,0.0,-2.9246012369791664e-06,3.159046173095703e-06,-5.565087000528971e-06,-3.0491749445597327e-05,5.0902366638183606e-06,0.0,0.0,0.0
Various types of N-glycan biosynthesis,-1.3025601704915364e-05,-6.135304768880208e-06,0.0,3.53852907816569e-06,5.595485369364421e-05,8.702278137207031e-07,0.0,-3.1954050064086915e-05,5.218784014383952e-05,1.3591845830281575e-05,-2.2778908411661785e-05,9.530782699584961e-06,-1.3560056686401367e-05,-7.515152295430502e-05,0.0,0.0,0.0,2.086162567138672e-07,-1.3605753580729166e-05,0.0,-5.120038986206054e-06,5.5213769276936844e-06,6.582339604695638e-06,-6.325642267862956e-05,-3.2564004262288407e-06,0.0,0.0,0.0
Other types of O-glycan biosynthesis,2.853671709696452e-05,1.715819040934245e-05,0.0,6.284316380818685e-06,-0.00021486282348632816,8.702278137207031e-07,0.0,-1.0208288828531902e-05,1.81575616200765e-05,-1.994570096333822e-05,-0.00013015468915303547,-1.8467505772908528e-05,1.3873974482218425e-05,-0.0002732435862223307,0.0,0.0,0.0,0.0,-1.5346209208170575e-05,0.0,-5.118052164713542e-06,1.4990568161010742e-05,2.219676971435547e-05,1.766284306844075e-06,4.510084788004555e-07,0.0,0.0,0.0
Mannose type O-glycan biosynthesis,8.285641670227052e-05,2.3692846298217773e-05,0.0,6.679693857828776e-06,-0.00013778011004130045,-2.90075937906901e-07,0.0,-3.8170814514160155e-05,-6.9199005762736e-05,-1.1189778645833334e-05,-0.00014824668566385904,-3.63310178120931e-05,3.96569569905599e-05,-0.00017674763997395834,0.0,0.0,0.0,2.086162567138672e-07,-0.00018363396326700847,0.0,-3.6557515462239585e-06,-1.5789270401000975e-05,6.578365961710615e-06,-3.603299458821614e-05,1.1120239893595379e-05,0.0,0.0,0.0
Amino sugar and nucleotide sugar metabolism,8.439024289449056e-05,-1.6391277313232411e-06,0.0,4.716714223225912e-06,-1.3625621795654297e-05,-8.702278137207031e-07,0.0,-2.796451250712077e-05,-0.0001026610533396403,5.817413330078124e-06,-1.0526180267333984e-05,5.920728047688793e-07,-2.215902010599772e-05,-0.00011412501335144042,0.0,0.0,0.0,0.0,0.00015033880869547527,0.0,-5.8571497599283845e-06,7.88768132527669e-07,-1.4241536458333332e-05,-5.26746114095052e-05,-2.3325284322102864e-06,0.0,0.0,0.0
Glycosaminoglycan degradation,1.2556711832682287e-06,3.2643477121988923e-06,0.0,5.10414441426595e-06,1.390775044759205e-08,-2.320607503255208e-06,8.145968119303384e-08,-4.48306401570638e-05,-2.778768539428711e-05,-1.8485387166341145e-05,-0.00022469162940979006,-2.084771792093913e-05,-7.174809773763021e-05,-8.350213368733724e-05,0.0,0.0,0.0,8.344650268554688e-07,0.00011065204938252767,0.0,-7.331371307373046e-07,-7.891654968261719e-06,-3.131230672200521e-06,-2.7219454447428387e-05,1.3709068298339837e-06,0.0,0.0,0.0
Glycosaminoglycan biosynthesis - chondroitin sulfate / dermatan sulfate,2.7777751286824546e-05,8.165836334228516e-06,0.0,1.0605653127034504e-05,8.187492688496907e-05,-5.80151875813802e-07,0.0,-8.440017700195312e-06,-9.698867797851563e-05,9.705622990926107e-06,-3.7944316864013666e-05,-0.00017660856246948242,3.701448440551758e-05,0.00018185774485270185,0.0,0.0,0.0,2.086162567138672e-07,7.5340270996093745e-06,0.0,-7.325410842895509e-06,7.901589075724284e-06,-8.3466370900472e-06,-2.2937854131062824e-05,-5.120038986206056e-06,0.0,0.0,0.0
Glycosaminoglycan biosynthesis - keratan sulfate,0.00012059807777404785,3.2564004262288407e-06,0.0,5.11010487874349e-06,-0.00012140671412150066,-8.702278137207031e-07,8.145968119303384e-08,-2.219478289286296e-05,-9.812315305074057e-05,4.8458576202392585e-06,5.249977111816405e-05,-1.668135325113932e-05,3.8667519887288406e-05,-0.0001438001791636149,0.0,0.0,0.0,1.043081283569336e-06,-0.00039450128873189284,0.0,-8.050600687662762e-06,3.953774770100911e-06,-1.8405914306640626e-05,-8.467634518941243e-05,-5.120038986206054e-06,0.0,0.0,0.0
Glycosaminoglycan biosynthesis - heparan sulfate / heparin,-3.844499588012695e-06,1.2218952178955078e-06,0.0,6.677707036336264e-06,0.0002674182256062826,-1.160303751627604e-06,0.0,-1.2870629628499347e-05,0.00011571248372395833,7.045070330301921e-05,-0.00031048059463500977,0.0001486023267110189,-5.5223703384399414e-05,-9.324749310811361e-05,3.9339065551757816e-07,0.0,0.0,1.2516975402832031e-06,-2.598762512207031e-06,0.0,-4.388888676961263e-06,4.740556081136069e-06,-4.871686299641928e-06,4.0572881698608394e-05,6.9459279378255216e-06,0.0,0.0,0.0
Biosynthesis of various nucleotide sugars,-4.609425862630208e-06,3.258387247721352e-06,0.0,6.679693857828776e-06,-9.548862775166828e-05,-2.320607503255208e-06,-8.145968119303384e-08,-3.062486648559571e-05,0.00021327932675679526,3.2057364781697593e-05,0.00027308861414591473,-0.00013550718625386556,2.1481513977050783e-05,8.346637090047197e-06,0.0,0.0,0.0,0.0,6.895065307617187e-05,0.0,-8.785724639892578e-06,-6.310145060221355e-06,4.961490631103516e-05,2.4187564849853516e-05,7.877747217814127e-06,0.0,0.0,0.0
Glycerolipid metabolism,5.2758057912190755e-05,8.982419967651368e-06,0.0,3.1411647796630857e-06,0.00019511977831522626,2.90075937906901e-07,0.0,-1.065532366434733e-05,-5.9552987416585286e-05,-2.0426511764526367e-05,-6.829500198364258e-05,-0.00015665292739868166,-1.852313677469889e-05,-0.00012247363726298016,0.0,0.0,0.0,0.0,0.00015062689781188964,0.0,-7.311503092447916e-07,-1.0263919830322267e-05,-1.3550122578938803e-05,-6.4009428024292e-05,5.55713971455892e-06,0.0,0.0,0.0
Inositol phosphate metabolism,-2.2202730178833004e-05,-4.1524569193522147e-07,0.0,3.1451384226481123e-06,9.006261825561523e-05,-2.0305315653483075e-06,-8.145968119303384e-08,-3.062884012858073e-05,7.0341428120931e-05,-2.0907322565714517e-05,-9.805957476298015e-05,2.2633870442708338e-05,2.6106834411621094e-05,-8.025368054707844e-05,0.0,0.0,0.0,0.0,0.00016191800435384114,0.0,-5.125999450683594e-06,-5.525350570678711e-06,-9.72747802734375e-06,-8.56916109720866e-06,6.947914759318034e-06,0.0,0.0,0.0
Glycosylphosphatidylinositol (GPI)-anchor biosynthesis,1.1843442916870118e-05,1.6331672668457028e-06,0.0,3.931919733683268e-06,-0.00011389851570129394,-5.80151875813802e-07,0.0,-1.731117566426595e-05,5.616545677185059e-05,-1.2654066085815429e-05,5.662441253662199e-07,3.960132598876953e-05,3.8665533065795894e-05,-0.0001387019952138265,0.0,0.0,0.0,0.0,-4.199743270874023e-05,0.0,-7.311503092447917e-06,7.88768132527669e-07,2.761681874593099e-06,-2.570350964864095e-05,6.0160954793294265e-06,0.0,0.0,0.0
Glycerophospholipid metabolism,1.1708339055379234e-05,-2.0503997802734374e-06,0.0,7.45852788289388e-06,-0.00013777414957682292,-2.90075937906901e-07,0.0,-2.929170926411946e-05,-0.00011570453643798827,-3.902117411295574e-06,-0.00021710395812988282,-7.02818234761556e-05,-2.4799505869547522e-05,-0.00022731820742289227,0.0,0.0,0.0,4.172325134277344e-07,0.0001375873883565267,0.0,-5.849202473958333e-06,-7.907549540201819e-07,5.193551381429037e-06,-3.931323687235514e-05,1.3748804728190102e-06,0.0,0.0,0.0
Ether lipid metabolism,-5.203882853190104e-05,8.066495259602858e-07,0.0,4.714727401733399e-06,7.232427597045898e-05,-2.90075937906901e-07,-8.145968119303384e-08,-4.171927769978841e-05,-1.8715858459472646e-05,1.7960866292317707e-05,-0.0002766311168670654,-6.522337595621745e-05,-2.5133291880289718e-05,-0.0002607206503550212,0.0,0.0,0.0,1.043081283569336e-06,0.00018103718757629393,0.0,-5.851189295450847e-06,-1.5775362650553387e-06,1.2826919555664064e-05,1.2848774592081709e-05,-9.457270304361978e-07,0.0,0.0,0.0
Arachidonic acid metabolism,-5.280176798502604e-05,-5.726019541422527e-06,0.0,4.716714223225912e-06,-8.730093638102214e-05,-1.7404556274414062e-06,0.0,-1.3764699300130207e-05,6.244579950968419e-06,1.3589859008789064e-05,-0.0003408193588256836,-5.941589673360189e-05,2.8089682261149084e-05,1.3452768325805665e-05,0.0,0.0,0.0,2.086162567138672e-07,5.648732185363769e-05,0.0,-8.779764175415038e-06,2.3702780405680342e-06,3.434220949808756e-05,3.930926322937012e-05,5.55713971455892e-06,0.0,0.0,0.0
Linoleic acid metabolism,-0.0001086453596750895,2.0364920298258488e-06,0.0,2.360343933105469e-06,-0.00016983946164449054,-5.80151875813802e-07,0.0,-2.841353416442871e-05,-5.501111348470052e-05,3.691713015238444e-05,-0.00021301905314127605,-8.458097775777182e-05,1.5527009963989258e-05,-0.00025051633516947426,0.0,0.0,0.0,8.344650268554688e-07,0.00021956364313761392,0.0,-8.048613866170247e-06,-5.5213769276936844e-06,2.2198756535847982e-05,-9.572505950927734e-06,5.086263020833333e-06,0.0,0.0,0.0
alpha-Linolenic acid metabolism,-7.575154304504394e-05,-1.7978747685750325e-05,0.0,4.718701044718425e-06,-0.00016097029050191243,5.80151875813802e-07,-8.145968119303384e-08,-4.2168299357096356e-05,-3.5725037256876635e-05,2.3307402928670246e-05,-0.00016750295956929526,-3.097454706827799e-05,-3.737012545267741e-05,-0.00017628073692321777,0.0,0.0,0.0,4.172325134277344e-07,0.00032702287038167315,0.0,-8.044640223185221e-06,-7.867813110351561e-07,2.948244412740072e-05,9.32017962137858e-06,4.1584173838297525e-06,0.0,0.0,0.0
Sphingolipid metabolism,-6.810029347737631e-05,1.5523036321004232e-05,0.0,-1.1801719665527344e-06,0.0001050730546315511,-1.7404556274414062e-06,-8.145968119303384e-08,-2.574721972147624e-05,-0.0001378297805786133,4.353125890096029e-06,-0.0001324911912282308,-2.0857652028401696e-05,1.6411145528157578e-06,-0.00014148751894632974,0.0,0.0,0.0,0.0,2.6365121205647785e-05,0.0,-7.317463556925456e-06,-8.6824099222819e-06,1.1092424392700195e-05,-4.3847163518269856e-05,3.6954879760742188e-06,0.0,0.0,0.0
Glycosphingolipid biosynthesis - lacto and neolacto series,-1.990795135498047e-05,-4.13258870442708e-07,0.0,5.499521891276042e-06,0.00019783973693847658,-1.160303751627604e-06,8.145968119303384e-08,-3.906091054280599e-05,2.1560986836751306e-05,-2.1882851918538408e-05,0.0002153158187866211,-2.174377441406251e-05,7.635354995727539e-05,-0.00019716620445251463,0.0,0.0,0.0,2.086162567138672e-07,-0.00033193429311116537,0.0,-5.8551629384358725e-06,-4.732608795166017e-06,2.1847089131673175e-05,-9.576280911763508e-05,-1.406669616699219e-06,0.0,0.0,0.0
Glycosphingolipid biosynthesis - globo and isoglobo series,4.613598187764486e-05,1.306931177775065e-05,0.0,-5.1120917002360025e-06,4.503726959228515e-05,-2.9007593790690103e-06,0.0,-3.639658292134603e-05,-0.00018036961555480956,1.434485117594401e-06,3.44077746073405e-05,5.060434341430663e-06,6.808837254842122e-05,7.933576901753743e-05,0.0,0.0,0.0,0.0,0.0001816213130950928,0.0,-2.195437749226888e-06,-1.657605171203613e-05,9.006261825561523e-06,-5.4939587910970046e-05,-4.186232884724935e-06,0.0,0.0,0.0
Glycosphingolipid biosynthesis - ganglio series,2.3245811462402491e-07,-4.0928522745768163e-07,0.0,2.358357111612956e-06,0.0002776523431142171,3.529303946892918e-23,0.0,-3.949999809265136e-05,1.588066418965658e-05,2.039472262064616e-05,0.00010385711987813313,-8.041262626647949e-05,-4.629492759704591e-05,0.000338659683863322,0.0,0.0,0.0,0.0,-4.1701396306355794e-05,0.0,-9.518861770629884e-06,-1.2626250584920248e-05,6.775061289469406e-07,-3.124872843424479e-05,9.139378865559896e-07,0.0,0.0,0.0
Pyruvate metabolism,3.69568665822347e-05,2.040465672810871e-06,0.0,2.7517477671305337e-06,-0.0002810259660085042,-2.030531565348307e-06,0.0,-1.1098384857177735e-05,4.084110260009765e-05,3.9348999659220375e-05,-1.110235850016276e-05,-3.931721051534017e-05,1.5191237131754558e-05,-0.0001401046911875407,0.0,0.0,0.0,2.086162567138672e-07,0.0001656929651896159,0.0,-5.118052164713542e-06,-1.1833508809407552e-05,-1.0081132253011067e-05,-1.0583798090616863e-05,3.6954879760742188e-06,0.0,0.0,0.0
Glyoxylate and dicarboxylate metabolism,4.613598187764486e-05,-9.403626124064128e-06,0.0,5.499521891276042e-06,-0.00014732877413431805,-5.80151875813802e-07,0.0,-4.704395929972331e-05,0.00011402169863382974,4.2267640431722005e-05,1.7325083414713529e-06,6.22391700744629e-05,2.2468964258829754e-05,-0.000288085142771403,0.0,0.0,0.0,0.0,-0.00016451478004455569,0.0,-2.9246012369791664e-06,3.95377477010091e-06,-1.285870869954427e-05,-4.662076632181803e-05,1.2981891632080077e-05,0.0,0.0,0.0
Propanoate metabolism,2.471407254536947e-05,1.2278556823730472e-06,0.0,3.927946090698242e-06,-1.3623634974161782e-05,-8.702278137207032e-07,0.0,-3.0177831649780274e-05,0.00020137627919514974,1.0669231414794922e-05,-5.137324333190918e-05,2.5310118993123375e-05,-7.28170077006022e-06,1.8537044525146475e-06,0.0,0.0,0.0,1.2516975402832031e-06,1.6230344772338868e-05,0.0,-2.199411392211914e-06,-7.867813110351556e-07,-2.7086337407430017e-05,-1.8147627512613934e-05,2.771615982055664e-06,0.0,0.0,0.0
Butanoate metabolism,-8.161266644795736e-05,1.4706452687581381e-05,0.0,3.5365422566731772e-06,4.572073618570963e-05,-8.702278137207031e-07,1.6291936238606769e-07,-1.908739407857259e-05,1.5886624654134116e-05,-4.146496454874674e-06,-0.0001424074172973633,-0.00011197725931803386,8.296569188435871e-05,-0.0001155118147532145,0.0,0.0,0.0,8.344650268554688e-07,0.00010139346122741697,0.0,-5.859136581420898e-06,-9.47117805480957e-06,5.884965260823566e-06,-1.5874703725179035e-05,2.304712931315104e-06,0.0,0.0,0.0
One carbon pool by folate,8.439024289449056e-05,1.1026859283447266e-05,0.0,8.251269658406576e-06,-3.887017567952474e-05,-1.7404556274414062e-06,0.0,-2.8407573699951177e-05,-0.0001117388407389323,1.067320505777995e-05,-0.00010914206504821778,-0.00012984673182169597,3.9337078730265295e-05,1.7625093460083007e-05,0.0,0.0,0.0,8.344650268554688e-07,1.2169281641642252e-05,0.0,-6.582339604695637e-06,1.7366806666056316e-05,5.191564559936522e-06,-7.056196530659994e-05,6.953875223795573e-06,0.0,0.0,0.0
Thiamine metabolism,1.503427823384603e-05,0.0,0.0,3.923972447713216e-06,7.914106051127116e-05,-1.4503796895345051e-06,0.0,6.214777628580728e-06,8.508960405985514e-05,3.448724746704102e-05,-0.0001546661059061686,0.00028231938680013023,9.916226069132487e-05,-0.00048617919286092124,0.0,0.0,0.0,0.0,0.00031717618306477863,0.0,-5.8551629384358725e-06,4.7425429026285805e-06,2.254645029703776e-05,-9.526411692301431e-05,-6.977717081705729e-06,0.0,0.0,0.0
Nicotinate and nicotinamide metabolism,-5.306204160054524e-05,-9.002288182576497e-06,0.0,3.1431516011555986e-06,-9.207725524902345e-05,-2.320607503255208e-06,0.0,-3.595352172851562e-05,-2.0410617192586267e-05,1.2131532033284505e-05,3.480911254882809e-06,2.8584400812784837e-05,1.1887152989705402e-05,-2.319415410359701e-05,3.9339065551757816e-07,0.0,0.0,0.0,-6.342530250549316e-05,0.0,-7.311503092447916e-07,-1.4207760492960612e-05,-1.0081132253011067e-05,-9.828209877014162e-05,-2.799431482950846e-06,0.0,0.0,0.0
Pantothenate and CoA biosynthesis,-3.0366579691569012e-05,7.75853792826335e-06,0.0,1.9649664560953777e-06,-8.849302927652995e-06,-5.80151875813802e-07,8.145968119303384e-08,-3.461837768554688e-05,2.5530656178792317e-05,-4.3908754984537755e-06,5.9503316879272465e-05,-0.00010424057642618814,1.8833080927530926e-05,-2.3245811462402344e-06,0.0,0.0,0.0,2.086162567138672e-07,6.025433540344238e-05,0.0,-1.4642874399820961e-06,7.106860478719074e-06,2.1159648895263675e-05,-2.5711456934611006e-05,4.6193599700927734e-06,0.0,0.0,0.0
Lipoic acid metabolism,-1.3023614883422852e-05,1.5928347905476886e-05,0.0,8.251269658406576e-06,0.0002837916215260823,2.90075937906901e-07,0.0,-1.9083420435587566e-05,0.000105514129002889,5.246996879577636e-05,3.966291745503744e-05,0.00019327799479166663,1.9749005635579444e-06,-0.0004054566224416097,0.0,0.0,0.0,0.0,0.00042145252227783204,0.0,-2.9305617014567056e-06,1.5755494435628251e-06,6.834665934244798e-07,6.678303082784016e-05,1.2048085530598958e-05,0.0,0.0,0.0
Folate biosynthesis,-5.3826967875162764e-05,-4.086891810099284e-06,0.0,5.11010487874349e-06,-8.048216501871745e-05,-2.320607503255208e-06,0.0,-2.1749734878540034e-05,-4.933675130208333e-05,7.277727127075197e-06,2.91585922241211e-05,0.0001039286454518636,1.1561314264933268e-05,0.00015262166659037272,0.0,0.0,0.0,0.0,-0.0001317898432413737,0.0,-7.311503092447916e-07,-2.2103389104207356e-05,-9.036064147949218e-06,-3.528594970703126e-05,5.0961971282958984e-06,0.0,0.0,0.0
Retinol metabolism,-2.6283661524454754e-05,1.5519062678019206e-05,0.0,3.9299329121907554e-06,3.3444166183471674e-05,-1.160303751627604e-06,0.0,-4.881620407104492e-06,5.786418914794923e-05,1.0188420613606773e-05,0.00023107131322224936,9.261171023050943e-05,6.147225697835286e-05,0.00014334718386332194,0.0,0.0,0.0,6.258487701416016e-07,3.2448768615722655e-05,0.0,-1.4662742614746092e-06,7.92741775512696e-07,-1.5288591384887695e-05,-6.17384910583496e-05,3.6974747975667317e-06,0.0,0.0,0.0
Porphyrin metabolism,1.553893089294434e-05,1.1028846104939779e-05,0.0,1.17798646291097e-05,-0.0001677870750427246,-1.4503796895345051e-06,-1.6291936238606769e-07,-2.6190280914306643e-05,4.992087682088216e-05,-6.818771362304687e-06,0.00022815465927124022,0.00012924273808797201,6.37968381245931e-05,0.00022546450297037765,0.0,0.0,0.0,0.0,-0.00021288792292277017,0.0,-2.9305617014567056e-06,-1.1046727498372396e-05,-2.9514233271280926e-05,-5.1410992940266925e-05,6.026029586791993e-06,0.0,0.0,0.0
Terpenoid backbone biosynthesis,-2.9851992925008137e-05,6.5306822458903e-06,0.0,7.4605147043863935e-06,-2.2494792938232417e-05,0.0,-8.145968119303384e-08,-4.793604214986165e-05,7.033944129943848e-05,-3.451704978942871e-05,-9.864171346028645e-05,-1.1322895685831699e-05,9.578466415405271e-06,-0.00011226534843444824,0.0,0.0,0.0,8.344650268554688e-07,-0.0002760310967763265,0.0,-4.3869018554687505e-06,-2.3663043975830084e-06,-1.4591217041015622e-05,-3.830989201863607e-05,4.4703483581542963e-07,0.0,0.0,0.0
Nitrogen metabolism,-9.869933128356933e-05,3.431439399719238e-05,0.0,2.4362405141194662e-05,0.0004120409488677979,-2.90075937906901e-07,-4.887580871582031e-07,-7.990996042887371e-06,8.111993471781413e-05,-4.083712895711263e-05,0.0002048095067342122,-1.0422865549723306e-05,-9.26852226257324e-06,0.00017164548238118488,3.9339065551757816e-07,0.0,0.0,6.258487701416016e-07,-6.11106554667155e-05,0.0,-5.8571497599283845e-06,7.907549540201828e-07,1.3520320256551107e-05,-5.519390106201172e-05,1.1585156122843425e-05,0.0,0.0,0.0
Sulfur metabolism,5.225539207458496e-05,1.59303347269694e-05,0.0,2.1219253540039062e-05,-3.477533658345541e-05,-2.90075937906901e-07,-8.145968119303384e-08,-2.796451250712077e-05,9.529789288838704e-05,3.691713015238444e-05,-0.00016341010729471845,0.00016855994860331218,6.908377011617025e-05,-3.154277801513672e-05,0.0,0.0,0.0,4.172325134277344e-07,-8.775790532430013e-05,0.0,-1.4662742614746092e-06,3.163019816080729e-06,-4.270672798156738e-05,-1.688400904337565e-05,6.020069122314453e-06,0.0,0.0,0.0
Aminoacyl-tRNA biosynthesis,-2.15609868367513e-05,1.4293193817138671e-05,0.0,3.927946090698242e-06,3.344416618347168e-05,-1.7404556274414062e-06,0.0,-3.107388814290365e-05,-8.678634961446125e-05,-1.5079975128173828e-05,-0.00027020970980326335,1.697142918904622e-05,-8.27511151631673e-06,-0.00013406872749328614,0.0,0.0,0.0,0.0,-5.096991856892903e-05,0.0,-6.584326426188152e-06,-1.578728357950846e-05,-1.6323725382486976e-05,-5.6457519531249996e-05,-5.960464477538724e-09,0.0,0.0,0.0
Metabolism of xenobiotics by cytochrome P450,-2.1439790725708007e-05,7.75456428527832e-06,0.0,3.5345554351806643e-06,-8.593400319417318e-05,-2.6106834411621096e-06,0.0,-3.554423650105794e-06,0.00010947783788045247,4.1778882344563806e-05,9.860595067342122e-05,0.00014115770657857258,4.62651252746582e-05,1.9486745198567712e-05,0.0,0.0,0.0,0.0,3.997484842936198e-05,0.0,-1.4662742614746092e-06,-3.941853841145833e-06,2.763668696085612e-06,-5.2909056345621736e-06,5.557139714558919e-06,0.0,0.0,0.0
Drug metabolism - cytochrome P450,3.2494465510050453e-05,8.988380432128905e-06,0.0,7.069110870361329e-06,-0.00011594891548156738,-2.9007593790690103e-06,0.0,4.4385592142740895e-06,0.00011118054389953614,3.788471221923828e-05,6.242791811625162e-05,0.00011048316955566407,3.2059351603190105e-05,3.665288289388021e-05,0.0,0.0,0.0,0.0,0.00012224316596984864,0.0,0.0,-5.517403284708659e-06,9.699662526448569e-06,9.572505950927734e-06,4.629294077555339e-06,0.0,0.0,0.0
Drug metabolism - other enzymes,3.491640090942383e-05,8.577108383178711e-06,0.0,1.0603666305541993e-05,7.437666257222493e-05,-1.160303751627604e-06,0.0,4.3908754984537917e-07,6.466507911682128e-05,-2.9345353444417306e-06,-9.688933690388999e-05,6.25292460123698e-05,5.254745483398437e-05,-2.2733211517333986e-05,0.0,0.0,0.0,1.2516975402832031e-06,6.547172864278157e-05,0.0,-7.311503092447916e-07,1.5815099080403647e-06,5.543231964111328e-06,-1.4370679855346681e-05,1.8417835235595704e-06,0.0,0.0,0.0
Biosynthesis of unsaturated fatty acids,-5.879004796346026e-06,9.797016779581706e-06,0.0,6.282329559326171e-06,-0.00015892187754313152,-1.7404556274414064e-06,0.0,-9.765227635701498e-06,-2.778768539428711e-05,9.536743164062495e-07,-7.821122805277507e-05,-0.0001015603542327881,-1.224080721537272e-05,-8.811553319295248e-06,0.0,0.0,0.0,4.172325134277344e-07,0.00016134182612101235,0.0,-8.779764175415038e-06,-1.5775362650553387e-06,1.62959098815918e-05,-2.3190180460611976e-05,6.018082300821939e-06,0.0,0.0,0.0
ABC transporters,5.330642064412435e-06,1.3071298599243163e-05,0.0,2.7517477671305337e-06,-0.00010570883750915527,-1.160303751627604e-06,2.443790435791016e-07,-2.88546085357666e-05,-3.28977902730306e-05,8.24729601542155e-06,-0.00021010835965474446,0.0001649816830952962,9.908278783162436e-06,-0.00011968413988749188,0.0,0.0,0.0,0.0,-4.7496954600016276e-05,0.0,0.0,-1.5755494435628251e-06,2.115766207377116e-05,-2.9738744099934896e-05,7.4108441670735674e-06,0.0,0.0,0.0
Ribosome biogenesis in eukaryotes,1.5282630920410155e-05,7.75456428527832e-06,0.0,4.319349924723307e-06,-9.617209434509277e-05,-1.4503796895345051e-06,0.0,-1.8636385599772137e-05,5.38945198059082e-05,2.7199586232503254e-05,-2.219676971435547e-05,4.1095415751139325e-05,-9.270509084065758e-06,1.8088022867838543e-05,0.0,0.0,0.0,2.086162567138672e-07,-5.78761100769043e-06,0.0,0.0,-5.5174032847086595e-06,-2.4418036142985027e-06,-1.2656052907307952e-06,1.8437703450520836e-06,0.0,0.0,0.0
Nucleocytoplasmic transport,-2.056360244750976e-06,7.76052474975586e-06,0.0,7.464488347371419e-06,9.073813756306966e-05,-2.90075937906901e-07,0.0,-2.130270004272461e-05,5.8996677398681645e-05,-5.847215652465821e-06,-0.0001809239387512207,-1.1612971623738607e-05,-1.3230244318644206e-05,-1.9021828969319664e-05,0.0,0.0,0.0,0.0,-5.4152806599934894e-05,0.0,-5.118052164713542e-06,-3.151098887125651e-06,-7.996956507364908e-06,-2.4449825286865234e-05,5.555152893066406e-06,0.0,0.0,0.0
mRNA surveillance pathway,4.065036773681641e-06,-3.973642985026098e-09,0.0,6.282329559326171e-06,5.731781323750814e-05,-8.702278137207031e-07,0.0,-3.106792767842611e-05,-6.798903147379558e-06,-5.006790161132811e-07,-0.00024569829305013026,-9.5367431640625e-06,-2.314845720926921e-05,-7.237394650777181e-05,0.0,0.0,0.0,1.043081283569336e-06,-3.475348154703776e-05,0.0,-4.388888676961263e-06,-2.370278040568034e-06,3.7988026936848963e-06,-3.931721051534017e-05,4.5696894327799486e-07,0.0,0.0,0.0
RNA degradation,4.6388308207194016e-05,-8.587042490641278e-06,0.0,3.5365422566731772e-06,-6.069739659627279e-05,-1.7404556274414062e-06,0.0,-1.1092424392700195e-05,3.573695818583171e-05,6.302197774251303e-06,-0.00018909176190694176,1.2801090876261392e-05,3.9637088775634766e-06,3.478725751241048e-05,0.0,0.0,0.0,0.0,-0.00012251536051432292,0.0,-1.4642874399820961e-06,-1.657207806905111e-05,-1.6319751739501954e-05,-2.6712814966837566e-05,6.02404276529948e-06,0.0,0.0,0.0
RNA polymerase,8.900960286458332e-06,1.6337633132934568e-05,0.0,2.358357111612956e-06,-0.0001609663168589274,-1.4503796895345051e-06,0.0,-4.2609373728434245e-05,-9.301900863647462e-05,1.8459558486938476e-05,-0.00023286143938700357,5.866686503092449e-05,1.311302185058596e-06,-3.850261370340982e-05,0.0,0.0,0.0,0.0,4.432201385498047e-05,0.0,-5.1279862721761075e-06,5.527337392171222e-06,-5.567073822021484e-06,-1.7136335372924808e-05,4.6193599700927734e-06,0.0,0.0,0.0
Basal transcription factors,2.3951133092244465e-05,1.4694531758626305e-05,0.0,7.464488347371419e-06,1.0933478673299152e-05,-8.702278137207031e-07,0.0,-3.90628973642985e-05,6.920893987019856e-05,3.7401914596557624e-05,-0.0001237352689107259,-4.7655900319417316e-05,5.612770716349285e-06,-8.99970531463623e-05,0.0,0.0,0.0,0.0,-4.981557528177898e-05,0.0,-2.1934509277343753e-06,-3.1471252441406244e-06,-1.910527547200521e-05,-2.6967128117879232e-05,6.020069122314453e-06,0.0,0.0,0.0
DNA replication,3.9511919021606444e-05,4.053115844726563e-07,0.0,1.1801719665527344e-06,-1.2946128845214841e-05,-1.4503796895345051e-06,0.0,-2.1306673685709637e-05,-3.460049629211426e-05,5.8134396870931e-06,-0.00014532804489135744,-0.00011376341183980305,2.0154317220052086e-05,-1.8576780954996745e-06,0.0,0.0,0.0,0.0,1.752376556396484e-06,0.0,-2.1934509277343753e-06,-2.3643175760904955e-06,4.4961770375569655e-06,-3.7552913029988605e-05,-1.4066696166992184e-06,0.0,0.0,0.0
Proteasome,8.004903793334961e-05,8.579095204671224e-06,0.0,2.749760945638021e-06,-9.685158729553222e-05,-2.320607503255208e-06,0.0,-2.5741259256998695e-05,-7.600585619608562e-05,-1.3138850529988605e-05,-0.0004365265369415283,-8.21967919667562e-05,2.0486116409301757e-05,6.958047548929851e-05,0.0,0.0,0.0,0.0,-0.00025546352068583173,0.0,-2.9265880584716798e-06,-4.736582438151041e-06,-9.389718373616536e-06,-2.318024635314941e-05,6.482998530069987e-06,0.0,0.0,0.0
Protein export,4.256566365559896e-05,-7.561842600504558e-06,0.0,8.638699849446615e-06,-0.00020122528076171875,2.90075937906901e-07,0.0,-1.4203786849975585e-05,6.240606307983405e-06,2.4769703547159827e-05,-8.464058240254719e-05,0.0001328130563100179,1.982450485229492e-05,-1.3907750447591145e-06,0.0,0.0,0.0,8.344650268554688e-07,1.7958879470825196e-05,0.0,-2.9265880584716798e-06,8.6824099222819e-06,5.882978439331055e-06,-8.719364802042644e-05,-3.72926394144694e-06,0.0,0.0,0.0
ATP-dependent chromatin remodeling,2.880096435546875e-05,4.082918167114258e-06,0.0,7.069110870361329e-06,-7.492303848266602e-06,0.0,0.0,-3.328720728556315e-05,-7.033149401346843e-05,2.86559263865153e-05,0.0001050293445587158,-1.2809038162231446e-05,5.3546826044718425e-05,2.1799405415852862e-05,0.0,0.0,0.0,0.0,-6.835858027140299e-05,0.0,-3.6557515462239585e-06,-6.310145060221355e-06,1.3748804728190102e-06,-1.4360745747884113e-05,5.094210306803386e-06,0.0,0.0,0.0
Polycomb repressive complex,6.612141927083333e-06,3.2623608907063807e-06,0.0,3.53852907816569e-06,-3.9547681808471686e-05,0.0,0.0,-1.1098384857177735e-05,3.977616628011064e-06,9.556611378987635e-07,-0.00016341606775919595,-7.892251014709473e-05,-2.3482243220011395e-05,-4.6859184900919594e-05,0.0,0.0,0.0,0.0,-0.00013497273127237956,0.0,-2.9246012369791664e-06,-7.887681325276693e-06,2.4179617563883474e-06,-7.810195287068685e-06,3.238519032796224e-06,0.0,0.0,0.0
Viral life cycle - HIV-1,3.4916400909423825e-05,1.2660026550292969e-05,0.0,8.638699849446615e-06,-4.091461499532064e-05,-8.702278137207031e-07,0.0,-2.8405586878458655e-05,-4.1975577672322585e-05,7.754564285278322e-06,-0.0001062293847401937,-6.105303764343261e-05,-3.174344698588053e-05,3.942251205444336e-05,0.0,0.0,0.0,0.0,-0.00018305579821268717,0.0,-7.311503092447916e-07,-1.1048714319864908e-05,-3.090699513753255e-05,-4.360079765319824e-05,4.164377848307292e-06,0.0,0.0,0.0
"Virion - Ebolavirus, Lyssavirus and Morbillivirus",1.9621849060058593e-05,-4.0908654530843094e-06,0.0,2.749760945638021e-06,-0.00030695398648579914,0.0,6.516774495442707e-07,1.0206302007039389e-05,-0.00013612310091654458,1.9351641337076824e-06,4.783471425374349e-05,8.334716161092123e-06,-2.0503997802734375e-05,-0.00030896266301472984,0.0,0.0,0.0,4.172325134277344e-07,6.141662597656249e-05,0.0,-5.859136581420898e-06,-2.3643175760904942e-06,0.00010341008504231771,4.30901845296224e-05,1.3905763626098632e-05,0.0,0.0,0.0
Virion - Hepatitis viruses,-3.622968991597494e-05,3.6756197611490892e-06,0.0,8.638699849446615e-06,-6.820162137349447e-05,-1.160303751627604e-06,0.0,-2.9293696085611978e-05,0.00014464855194091795,1.9913911819458006e-05,-0.0002095182736714681,2.1141767501831054e-05,-2.8439362843831383e-05,-0.0002607166767120361,0.0,0.0,0.0,1.043081283569336e-06,-0.0002244750658671061,0.0,-5.849202473958333e-06,5.5213769276936844e-06,1.0291735331217456e-06,4.560550053914388e-05,-1.4026959737141926e-06,0.0,0.0,0.0
Virion - Lassa virus and SFTS virus,5.888938903808594e-05,1.8384059270222982e-05,0.0,8.638699849446615e-06,7.846355438232421e-05,0.0,1.6291936238606769e-07,1.7746289571126303e-05,6.2445799509684236e-06,-3.906091054280599e-06,-2.277890841166179e-05,-4.7663847605387295e-06,-3.438989321390788e-05,-0.00019901593526204425,0.0,0.0,0.0,0.0,0.00023201505343119306,0.0,-1.4623006184895832e-06,-7.10288683573405e-06,-1.8064181009928385e-05,7.549921671549479e-07,2.77558962504069e-06,0.0,0.0,0.0
PPAR signaling pathway,-4.355112711588542e-06,-2.0464261372884116e-06,0.0,1.9649664560953777e-06,-4.074970881144205e-06,-1.160303751627604e-06,8.145968119303384e-08,-2.3082892100016275e-05,-2.8922160466512045e-05,2.3798147837320963e-05,-0.000229942798614502,-3.037651379903157e-05,1.9768873850504556e-06,9.74138577779134e-06,0.0,0.0,0.0,2.086162567138672e-07,0.00018451611200968424,0.0,-8.779764175415038e-06,4.738569259643555e-06,9.008248647054038e-06,-6.250341733296713e-05,1.1120239893595379e-05,0.0,0.0,0.0
Base excision repair,7.95443852742513e-05,-2.048412958780925e-06,0.0,2.358357111612956e-06,-3.545880317687988e-05,-1.160303751627604e-06,0.0,-8.438030878702801e-06,-5.664428075154624e-06,-5.358457565307617e-06,-9.047190348307292e-05,-3.752509752909343e-05,1.651644706726074e-05,5.844831466674804e-05,0.0,0.0,0.0,0.0,2.6367108027140303e-05,0.0,-6.5803527832031245e-06,1.9868214925123433e-09,6.924072901407878e-06,-2.847711245218913e-05,-4.708766937255857e-07,0.0,0.0,0.0
Nucleotide excision repair,1.4009078343709313e-05,1.7970800399780273e-05,0.0,3.9299329121907554e-06,-1.7718474070231122e-05,-2.90075937906901e-07,0.0,-3.461241722106933e-05,4.425247510274251e-05,2.379616101582845e-05,-0.00015407800674438477,2.1143754323323572e-05,4.329880078633627e-05,3.8500626881917315e-05,0.0,0.0,0.0,0.0,-5.6181351343790686e-05,0.0,-7.311503092447916e-07,-1.1044740676879882e-05,-1.1465946833292644e-05,-1.4869372049967448e-05,1.8457571665445965e-06,0.0,0.0,0.0
Mismatch repair,1.7323096593221028e-05,1.7565488815307617e-05,0.0,3.9339065551757816e-07,-3.818670908610026e-05,-5.80151875813802e-07,0.0,-2.1751721700032556e-05,-5.3316354751586914e-05,-4.035035769144694e-05,2.3186206817627007e-06,-3.424684206644694e-05,8.916854858398437e-06,4.360874493916829e-05,0.0,0.0,0.0,6.258487701416016e-07,-5.2710374196370445e-05,0.0,-7.311503092447916e-07,-1.1839469273885092e-05,1.0049343109130859e-05,-1.7640988032023114e-05,-9.377797444661456e-07,0.0,0.0,0.0
Homologous recombination,4.231135050455729e-05,-9.81887181599935e-06,0.0,8.640686670939128e-06,-4.2279561360677086e-05,-2.0305315653483075e-06,0.0,-1.8642346064249674e-05,0.0001094818115234375,7.764498392740886e-06,-7.99715518951416e-05,-3.038446108500163e-05,3.899931907653808e-05,-8.358558019002278e-06,0.0,0.0,0.0,0.0,-2.4904807408650715e-05,0.0,-5.849202473958333e-06,5.521376927693685e-06,-1.563429832458496e-05,-1.011292139689127e-06,-1.390775044759092e-08,0.0,0.0,0.0
Non-homologous end-joining,8.030931154886881e-05,-1.8799304962158205e-05,0.0,4.325310389200846e-06,8.256038029988607e-05,-2.90075937906901e-07,6.516774495442707e-07,-8.920828501383459e-07,8.395314216613768e-05,4.1778882344563806e-05,7.467667261759441e-05,-5.896687507629395e-05,-1.9512573877970378e-05,-0.0004430333773295084,0.0,0.0,0.0,0.0,-0.00014974474906921385,0.0,-6.588300069173178e-06,-1.0259946187337239e-05,-2.8814872105916345e-05,-0.00015095074971516927,-9.437402089436851e-07,0.0,0.0,0.0
Fanconi anemia pathway,2.2929906845092773e-05,-3.6795934041341142e-06,0.0,1.3355414072672528e-05,-0.00012004375457763672,-2.90075937906901e-07,0.0,-1.730918884277344e-05,-0.00012308557828267415,-8.277098337809244e-06,-0.0001523296038309733,5.033016204833985e-05,-4.639228185017903e-06,-7.469654083251953e-05,0.0,0.0,0.0,2.086162567138672e-07,5.795558293660483e-06,0.0,0.0,0.0,-8.344650268554688e-06,1.5159447987874362e-06,4.633267720540365e-06,0.0,0.0,0.0
ErbB signaling pathway,-2.8232733408610018e-06,-7.947285970051632e-09,0.0,2.360343933105469e-06,-6.63598378499349e-07,-1.160303751627604e-06,0.0,-2.752343813578288e-05,-0.00011627475420633952,1.9272168477376303e-06,-8.229613304138183e-05,-1.4001131057739256e-05,2.2470951080322266e-05,-0.00018231868743896483,0.0,0.0,0.0,1.2516975402832031e-06,-9.499788284301758e-05,0.0,-2.1934509277343753e-06,-3.151098887125652e-06,1.3748804728190112e-06,-5.947550137837728e-05,4.17033831278483e-06,0.0,0.0,0.0
Viral protein interaction with cytokine and cytokine receptor,7.061560948689779e-05,5.302826563517252e-06,0.0,8.638699849446615e-06,-2.2496779759724935e-05,-2.90075937906901e-07,0.0,-7.10288683573405e-06,3.9146343866984055e-05,-1.9452969233194984e-05,-0.0001943508783976237,-9.352564811706544e-05,-2.988179524739585e-06,-0.00011272827784220376,0.0,0.0,0.0,2.086162567138672e-07,-2.2592147191365558e-05,0.0,-1.4623006184895832e-06,-4.734595616658529e-06,8.316834767659505e-06,5.046526590983074e-07,1.8477439880371094e-06,0.0,0.0,0.0
NF-kappa B signaling pathway,-6.645917892456055e-06,3.6696592966715493e-06,0.0,6.673733393351236e-06,-0.00011800130208333333,-2.320607503255208e-06,0.0,-5.771716435750325e-06,-8.503595987955729e-06,-2.930561701456705e-06,1.3989210128784182e-05,-2.384185791015625e-06,-1.1581182479858397e-05,-8.535981178283692e-05,0.0,0.0,0.0,0.0,-6.516774495442708e-05,0.0,0.0,-6.310145060221354e-06,1.5602509180704752e-05,1.2592474619547525e-05,4.529953002929684e-07,0.0,0.0,0.0
HIF-1 signaling pathway,1.9874175389607748e-05,-1.2318293253580717e-06,0.0,1.1390447616577148e-05,-7.706681887308757e-05,-8.702278137207031e-07,0.0,-9.763240814208985e-06,-0.00014066696166992188,-2.5773048400878908e-05,-0.00010681748390197755,6.25292460123698e-05,3.767212231953939e-05,-2.1801392237345377e-05,0.0,0.0,0.0,0.0,-0.000115277369817098,0.0,-5.125999450683594e-06,-1.0261933008829752e-05,-2.7875105539957686e-06,-3.3517678578694664e-05,9.218851725260417e-07,0.0,0.0,0.0
FoxO signaling pathway,2.0637114842732748e-05,8.980433146158854e-06,0.0,2.358357111612956e-06,-0.00010776519775390625,-2.90075937906901e-07,0.0,-1.5978018442789713e-05,-1.4742215474446615e-05,1.1646747589111328e-05,-0.00011148254076639812,-1.7573436101277668e-05,4.296302795410155e-05,8.164644241333009e-05,0.0,0.0,0.0,4.172325134277344e-07,5.329847335815429e-05,0.0,-2.9246012369791664e-06,-7.100900014241536e-06,-1.2163321177164715e-05,-5.0650040308634446e-05,5.0961971282958984e-06,0.0,0.0,0.0
Phosphatidylinositol signaling system,-4.098812739054364e-06,-2.0523866017659507e-06,0.0,6.673733393351236e-06,6.004770596822103e-05,-1.7404556274414062e-06,0.0,-1.9977490107218426e-05,2.2695461908976236e-05,-1.0218222935994465e-05,-0.00017567276954650877,2.14378039042155e-05,-5.968411763509115e-06,-3.108183542887369e-05,0.0,0.0,0.0,4.172325134277344e-07,0.00020333528518676758,0.0,-5.125999450683594e-06,-4.732608795166015e-06,-1.21613343556722e-05,2.769629160563153e-06,3.6954879760742188e-06,0.0,0.0,0.0
Sphingolipid signaling pathway,-3.903706868489583e-05,-1.6371409098307293e-06,0.0,9.032090504964193e-06,-8.25206438700358e-05,-1.160303751627604e-06,0.0,-2.0859638849894208e-05,-8.678038914998373e-05,-2.0422538121541337e-05,-0.0001704255739847819,-3.9911270141601564e-05,1.0563929875691731e-05,-0.00012804667154947918,0.0,0.0,0.0,0.0,-0.00012918313344319662,0.0,-4.392862319946289e-06,-1.5755494435628255e-06,-1.055002212524415e-06,-5.7961543401082354e-05,2.777576446533203e-06,0.0,0.0,0.0
Phospholipase D signaling pathway,8.398294448852538e-06,-3.681580225626628e-06,0.0,2.747774124145508e-06,5.050301551818848e-05,-2.0305315653483075e-06,0.0,-1.3762712478637696e-05,-5.1609675089518236e-05,-3.417332967122395e-06,-0.00016050338745117186,-0.00012299617131551107,1.5525023142496743e-05,-7.143616676330566e-05,0.0,0.0,0.0,2.086162567138672e-07,-1.534620920817057e-05,0.0,-5.120038986206054e-06,1.5874703725179043e-06,-1.1813640594482423e-05,-5.543231964111328e-06,1.8457571665445965e-06,0.0,0.0,0.0
Neuroactive ligand signaling,7.724563280741373e-05,5.3028265635172536e-06,0.0,7.4605147043863935e-06,-6.615122159322102e-05,-1.7404556274414062e-06,0.0,-2.3527940114339194e-05,1.5888611475626627e-05,-5.3624312082926425e-06,-0.00011439919471740722,-8.54790210723877e-05,2.4783611297607423e-05,-0.00011226336161295572,0.0,0.0,0.0,2.086162567138672e-07,3.939668337504069e-05,0.0,-6.584326426188152e-06,1.986821492512908e-09,2.9830137888590497e-05,-1.770257949829102e-06,-2.799431482950846e-06,0.0,0.0,0.0
Oocyte meiosis,-2.577503522237142e-05,-4.498163859049479e-06,0.0,1.060167948404948e-05,2.7418136596679683e-06,-1.4503796895345051e-06,0.0,-8.430083592732748e-06,4.545847574869791e-06,1.2137492497762046e-05,-0.0001494109630584717,-1.965959866841634e-05,-1.1909008026123046e-05,-3.943840662638346e-05,0.0,0.0,0.0,0.0,-2.9249986012776694e-05,0.0,-2.9325485229492185e-06,1.5775362650553384e-06,-8.340676625569662e-06,-1.0083119074503582e-05,-4.768371582031244e-07,0.0,0.0,0.0
p53 signaling pathway,1.7825762430826823e-05,6.5426031748453775e-06,0.0,1.5715758005777993e-06,-7.160902023315429e-05,0.0,0.0,-3.1509002049764e-05,-5.615154902140299e-05,1.4483928680419918e-06,-1.869797706604004e-05,8.3086887995402e-05,-1.3564030329386395e-05,-0.00022499561309814451,0.0,0.0,0.0,6.258487701416016e-07,1.6222397486368816e-05,0.0,-3.6557515462239585e-06,1.577536265055338e-06,2.3241837819417318e-05,-5.418062210083008e-05,1.3808409372965495e-06,0.0,0.0,0.0
Ubiquitin mediated proteolysis,1.782973607381185e-05,-8.245309193929034e-07,0.0,6.286303202311197e-06,-9.534756342569989e-06,-1.160303751627604e-06,0.0,-1.3756752014160155e-05,2.8936068216959637e-05,7.132689158121749e-07,-0.00021710991859436035,-2.8896331787109376e-05,2.2987524668375645e-06,-1.994967460632324e-05,0.0,0.0,0.0,0.0,-2.6061137517293295e-05,0.0,-7.331371307373046e-07,-1.5775362650553389e-06,-9.034077326456706e-06,-3.3013025919596355e-05,1.3808409372965491e-06,0.0,0.0,0.0
SNARE interactions in vesicular transport,1.451571782430013e-05,3.2643477121988936e-06,0.0,7.853905359903972e-06,-0.00014595786730448404,-2.90075937906901e-07,0.0,-6.661812464396159e-06,-0.00011003216107686362,1.1642773946126303e-05,-0.00022994677225748699,-9.947220484415691e-05,3.106594085693359e-05,-0.00010763406753540039,3.9339065551757816e-07,0.0,0.0,1.4603137969970703e-06,-4.5180320739746094e-05,0.0,0.0,7.907549540201836e-07,5.5372714996337886e-06,-4.7381718953450524e-05,3.697474797566732e-06,0.0,0.0,0.0
Autophagy - other,-2.5647878646850587e-05,2.0384788513183595e-06,0.0,7.462501525878906e-06,-0.000251696507136027,-1.7404556274414062e-06,-2.443790435791016e-07,-1.6866127649943036e-05,0.00015372435251871744,7.764498392740886e-06,2.896785736083988e-06,3.394285837809244e-05,4.164775212605794e-05,2.9689073562622075e-05,0.0,0.0,0.0,0.0,-0.00023229718208312987,0.0,-2.9265880584716798e-06,-2.3623307545979813e-06,-1.3893842697143554e-05,-5.897084871927897e-05,9.159247080485025e-07,0.0,0.0,0.0
Mitophagy - animal,-3.331899642944336e-06,-6.137291590372721e-06,0.0,3.931919733683268e-06,-3.818670908610026e-05,-1.160303751627604e-06,0.0,-2.086162567138672e-05,-4.3104092280069985e-05,1.1642773946126303e-05,-0.00017275611559549968,-6.790558497111003e-05,-2.1827220916748046e-05,6.958444913228353e-05,0.0,0.0,0.0,0.0,8.197625478108724e-05,0.0,0.0,-4.7385692596435555e-06,3.1113624572753912e-06,-3.427267074584961e-05,3.701448440551758e-06,0.0,0.0,0.0
Peroxisome,-9.768406550089518e-05,-3.973642985025872e-09,0.0,4.325310389200846e-06,-2.7954578399658203e-05,-1.7404556274414062e-06,0.0,-1.7307202021280925e-05,3.970861434936523e-05,4.728635152180992e-07,1.6903877258300776e-05,-5.033016204833984e-05,-2.4471680323282874e-05,-8.164644241333008e-05,0.0,0.0,0.0,2.086162567138672e-07,3.59197457631429e-05,0.0,-2.9246012369791664e-06,-3.9458274841308595e-06,5.18957773844401e-06,-3.754893938700358e-05,6.018082300821939e-06,0.0,0.0,0.0
mTOR signaling pathway,9.930133819580078e-06,-4.502137502034505e-06,0.0,2.749760945638021e-06,-1.0899702707926433e-05,-1.4503796895345051e-06,0.0,-2.751747767130534e-05,-3.2891829808553055e-05,-1.1187791824340821e-05,-0.0001972675323486328,1.7265478769938152e-05,-3.437201182047523e-07,-0.00011551976203918458,0.0,0.0,0.0,2.086162567138672e-07,6.256699562072754e-05,0.0,-7.311503092447916e-07,-8.680423100789388e-06,-5.910793940226237e-06,-5.5446227391560867e-05,1.8417835235595704e-06,0.0,0.0,0.0
AMPK signaling pathway,7.762511571248372e-06,2.0364920298258462e-06,0.0,3.931919733683268e-06,-0.00010503927866617837,0.0,0.0,-3.0181805292765303e-05,-0.00010549227396647135,-2.9305617014567056e-06,-0.0001774251461029053,-8.344650268554688e-06,9.908278783162436e-06,-7.79410203297933e-05,0.0,0.0,0.0,0.0,5.735556284586589e-05,0.0,-5.125999450683594e-06,-7.847944895426432e-07,-2.083579699198405e-05,-8.971293767293294e-05,4.631280899047852e-06,0.0,0.0,0.0
Integrated stress response (ISR) signaling pathway,1.8338362375895183e-05,8.126099904378251e-07,0.0,1.0999043782552083e-05,9.892781575520833e-05,-8.702278137207031e-07,0.0,-2.88546085357666e-05,3.0640761057535804e-05,-2.090732256571452e-05,-4.43716843922933e-05,4.734595616658529e-05,-3.339846928914388e-05,-0.0001252571741739909,0.0,0.0,0.0,0.0,-3.3013025919596355e-05,0.0,-7.331371307373046e-07,-1.657605171203613e-05,-4.871686299641927e-06,-1.4617045720418295e-05,5.5531660715738935e-06,0.0,0.0,0.0
Apoptosis,4.333257675170899e-05,-7.947285970052196e-09,0.0,3.1451384226481123e-06,-2.932151158650716e-05,-1.4503796895345051e-06,0.0,-2.9295682907104492e-05,-1.4744202295939128e-05,-3.41335932413737e-06,-0.00019434690475463867,-6.343523661295573e-05,-9.258588155110676e-06,-1.2060006459554034e-05,0.0,0.0,0.0,0.0,-5.4446856180826825e-05,0.0,-5.118052164713542e-06,-1.1835495630900067e-05,5.884965260823568e-06,-4.3098131815592444e-05,2.77558962504069e-06,0.0,0.0,0.0
Longevity regulating pathway,-1.4044841130574546e-05,8.106231689453122e-07,0.0,3.914038340250651e-07,-4.364450772603352e-05,-1.7404556274414062e-06,0.0,-2.0859638849894208e-05,-0.000116272767384847,-6.333986918131512e-06,-9.806354840596517e-05,-9.830792744954426e-06,3.4366051355997725e-05,-5.751848220825195e-05,0.0,0.0,0.0,2.086162567138672e-07,8.863409360249838e-05,0.0,-3.6557515462239585e-06,-1.9868214925123433e-09,-9.387731552124023e-06,-6.300608317057291e-05,4.490216573079432e-07,0.0,0.0,0.0
Longevity regulating pathway - multiple species,1.7327070236206054e-05,-8.996327718098957e-06,0.0,3.1451384226481123e-06,-0.00011117657025655111,-1.4503796895345051e-06,0.0,-1.109639803568522e-05,-6.352861722310384e-05,1.5540917714436846e-05,-0.00010273059209187827,-3.946423530578613e-05,3.602306048075358e-05,-3.5258134206136066e-05,0.0,0.0,0.0,6.258487701416016e-07,3.0710299809773764e-05,0.0,-6.586313247680664e-06,-1.1837482452392578e-05,-1.2507041295369467e-05,-2.4946530659993488e-05,4.4902165730794286e-07,0.0,0.0,0.0
Apoptosis - multiple species,7.495482762654622e-05,1.3067324956258139e-05,0.0,0.0,-0.00018825928370157878,-1.160303751627604e-06,0.0,-4.03900941212972e-05,-4.9348672231038415e-05,4.363059997558592e-06,-5.5464108784993495e-05,7.86145528157552e-05,1.486341158548991e-05,-0.0003080387910207113,0.0,0.0,0.0,0.0,-8.283058802286784e-05,0.0,-6.586313247680664e-06,-9.473164876302084e-06,2.3239850997924807e-05,-6.476839383443196e-05,8.334716161092123e-06,0.0,0.0,0.0
Ferroptosis,6.449619928995769e-05,8.573134740193685e-06,0.0,1.1392434438069661e-05,5.868474642435709e-05,-2.320607503255208e-06,0.0,-9.763240814208983e-06,-4.4242540995279954e-05,9.707609812418619e-06,9.102026621500651e-05,-5.123019218444824e-05,-1.1255343755086264e-05,5.844831466674804e-05,0.0,0.0,0.0,4.172325134277344e-07,4.634658495585123e-05,0.0,-8.052587509155273e-06,8.6824099222819e-06,2.7577082316080733e-06,-4.6873092651367186e-05,4.629294077555339e-06,0.0,0.0,0.0
Necroptosis,-3.023544947306315e-05,2.4497509002685548e-06,0.0,7.851918538411458e-06,-6.137688954671224e-05,-2.90075937906901e-07,0.0,-2.7076403299967447e-05,-9.756088256835937e-05,1.4563401540120443e-05,-0.00021885633468627928,-6.4035256703694655e-06,2.6766459147135413e-05,-5.474090576171875e-05,0.0,0.0,0.0,0.0,-0.00010687510172526041,0.0,-1.4623006184895832e-06,-7.100900014241536e-06,-8.686383565266926e-06,-1.3359387715657553e-05,4.166364669799805e-06,0.0,0.0,0.0
Cellular senescence,5.78622023264567e-05,2.8491020202636726e-06,0.0,2.7537345886230466e-06,2.5252501169840496e-05,-2.90075937906901e-07,0.0,-2.6637315750122072e-05,-2.0984808603922526e-05,9.218851725260416e-06,-0.00024045109748840331,-6.5545241038004575e-06,-4.639228185017904e-06,-0.00015448530515034994,0.0,0.0,0.0,2.086162567138672e-07,7.213155428568523e-05,0.0,-7.331371307373046e-07,-3.943840662638347e-06,4.154443740844727e-06,-4.914800326029459e-05,-4.188219706217448e-06,0.0,0.0,0.0
Cardiac muscle contraction,-2.755920092264811e-05,-1.3490517934163412e-05,0.0,7.462501525878906e-06,8.323589960734048e-05,-8.702278137207031e-07,0.0,-5.771716435750325e-06,-0.00010663469632466633,-1.896818478902181e-05,-1.9276142120361323e-05,-3.752708435058594e-05,8.581082026163737e-06,-0.00017906626065572104,0.0,0.0,0.0,0.0,2.289017041524251e-05,0.0,-1.4642874399820961e-06,-1.0257959365844728e-05,6.5783659617106124e-06,-5.594094594319662e-05,4.631280899047852e-06,0.0,0.0,0.0
Adrenergic signaling in cardiomyocytes,-4.9233436584472656e-05,-7.363160451253254e-06,0.0,3.5345554351806643e-06,-1.3623634974161782e-05,-1.7404556274414062e-06,0.0,-1.9526481628417967e-05,-6.862878799438476e-05,-9.73343849182129e-06,-3.561774889628093e-05,5.360444386800134e-06,1.6182661056518555e-05,-0.00017350514729817706,0.0,0.0,0.0,0.0,-4.257758458455404e-05,0.0,-2.9246012369791664e-06,-3.153085708618164e-06,9.006261825561523e-06,-1.1841456095377602e-05,-1.3907750447591202e-08,0.0,0.0,0.0
Vascular smooth muscle contraction,-1.35342280069987e-05,-1.0220209757486981e-05,0.0,5.8909257253011065e-06,4.790226618448893e-06,-1.7404556274414062e-06,0.0,-5.773703257242838e-06,1.9290049870808922e-05,1.0186433792114258e-05,-6.245970726013183e-05,-2.0849704742431638e-05,1.3871987660725912e-05,-0.00010391473770141601,0.0,0.0,0.0,6.258487701416016e-07,-2.4616718292236328e-05,0.0,-3.6557515462239585e-06,7.903575897216797e-06,-3.6160151163736845e-07,-1.7662843068440774e-06,-3.2643477121988936e-06,0.0,0.0,0.0
Notch signaling pathway,4.078745841979981e-05,1.6341606775919597e-05,0.0,2.358357111612956e-06,-7.706681887308757e-05,-1.160303751627604e-06,0.0,2.219279607137044e-06,-0.00010720491409301759,-8.761882781982422e-06,-0.00014007091522216794,4.735390345255534e-05,-2.7781724929809568e-05,-0.00011319319407145183,0.0,0.0,0.0,2.086162567138672e-07,-7.236003875732421e-06,0.0,-1.4623006184895832e-06,-9.469191233317056e-06,-2.7781724929809568e-05,-1.562635103861491e-05,3.6954879760742188e-06,0.0,0.0,0.0
Hedgehog signaling pathway,3.950595855712891e-05,1.5111764272054036e-05,0.0,1.1801719665527344e-06,-7.48435656229655e-06,-1.4503796895345051e-06,0.0,-1.1982520421346029e-05,5.2195787429809566e-05,-2.3343165715535478e-05,0.00011727611223856609,-1.5785296758015946e-05,-2.6464462280273445e-06,-4.546244939168294e-05,0.0,0.0,0.0,0.0,-2.026557922363281e-06,0.0,-3.6557515462239585e-06,-1.183946927388509e-05,-9.034077326456707e-06,-7.635752360026043e-05,5.090236663818359e-06,0.0,0.0,0.0
TGF-beta signaling pathway,5.124608675638835e-05,7.357199986775716e-06,0.0,3.53852907816569e-06,0.00013235807418823242,-8.702278137207031e-07,0.0,-8.430083592732746e-06,-2.7785698572794597e-05,-1.4742215474446624e-06,-0.00018500884373982745,-5.5841604868570964e-05,1.519918441772461e-05,-3.479520479838054e-05,3.9339065551757816e-07,0.0,0.0,4.172325134277344e-07,-0.00011729995409647625,0.0,-8.044640223185221e-06,3.973642985025816e-09,-5.219380060831706e-06,-3.830393155415853e-05,4.631280899047852e-06,0.0,0.0,0.0
VEGF signaling pathway,-1.6087293624877932e-05,-8.587042490641278e-06,0.0,4.323323567708333e-06,-8.798440297444661e-05,-1.160303751627604e-06,0.0,-2.086361249287923e-05,-0.00011514425277709962,7.764498392740883e-06,-5.1369269688924156e-05,-0.00013759732246398926,-1.1583169301350907e-05,-0.00012247363726298016,0.0,0.0,0.0,0.0,-2.310673395792643e-06,0.0,-5.118052164713542e-06,-5.521376927693685e-06,-3.83456548055013e-06,-4.486242930094401e-05,1.3788541158040366e-06,0.0,0.0,0.0
Apelin signaling pathway,3.045797348022461e-06,-1.1034806569417317e-05,0.0,5.106131235758464e-06,-3.272294998168945e-05,-1.7404556274414062e-06,0.0,-1.2874603271484375e-05,-1.9846359888712567e-05,-1.070698102315267e-05,-0.00016867518424987794,-9.858012199401855e-05,2.2139151891072595e-05,-0.000155411163965861,0.0,0.0,0.0,2.086162567138672e-07,-8.718570073445638e-05,0.0,-6.588300069173178e-06,-4.736582438151042e-06,-1.5894571940104252e-08,-3.478129704793295e-05,3.2345453898111983e-06,0.0,0.0,0.0
Osteoclast differentiation,3.5427014032999675e-05,-9.403626124064128e-06,0.0,6.282329559326171e-06,-7.50263532002767e-05,-5.80151875813802e-07,0.0,-2.263983090718587e-05,-6.40869140625e-05,-2.771417299906413e-05,-5.428791046142577e-05,1.8461545308430994e-05,2.016027768452962e-05,-9.556412696838379e-05,0.0,0.0,0.0,0.0,-8.486310640970866e-05,0.0,-7.311503092447916e-07,7.867813110351564e-07,-7.647275924682616e-06,-3.679196039835612e-05,2.779563268025716e-06,0.0,0.0,0.0
Cornified envelope formation,-1.4301141103108722e-05,4.080931345621744e-06,0.0,4.716714223225912e-06,0.00019852121671040852,-8.702278137207031e-07,0.0,-3.372629483540853e-05,1.58846378326416e-05,3.872315088907878e-06,-0.00010798374811808269,-6.909569104512533e-05,3.258387247721372e-07,-8.861223856608073e-05,3.9339065551757816e-07,0.0,0.0,2.086162567138672e-07,-4.633665084838867e-05,0.0,-5.851189295450847e-06,1.986821492513049e-09,1.7205874125162763e-06,-2.898573875427246e-05,1.8457571665445965e-06,0.0,0.0,0.0
Hippo signaling pathway - multiple species,5.596876144409181e-06,1.2250741322835286e-05,0.0,1.9252300262451172e-05,0.0002878844738006592,-5.80151875813802e-07,0.0,-1.0651350021362306e-05,-6.800889968872069e-06,-8.28107198079427e-06,-0.00019493301709493,-4.170139630635579e-05,-1.0921557744344071e-05,-1.5308459599812824e-05,0.0,0.0,0.0,0.0,-1.15811824798584e-05,0.0,-3.6557515462239585e-06,-4.732608795166015e-06,1.1084477106730143e-05,-2.5202830632527668e-05,4.633267720540365e-06,0.0,0.0,0.0
ECM-receptor interaction,2.242128054300944e-05,9.802977244059245e-06,0.0,8.636713027954102e-06,2.7457873026529946e-06,0.0,0.0,-2.4857123692830405e-05,7.771849632263183e-05,2.417961756388345e-06,0.0001902202765146891,3.364483515421549e-05,3.8343667984008786e-05,-3.386735916137695e-05,0.0,0.0,0.0,0.0,1.2169281641642252e-05,0.0,-7.311503092447916e-07,1.5795230865478512e-05,1.2820959091186523e-05,-6.302197774251302e-06,8.799632390340169e-06,0.0,0.0,0.0
Cell adhesion molecule (CAM) interaction,-5.265076955159506e-07,-8.205572764078779e-07,0.0,6.286303202311197e-06,-1.9762913386027018e-05,-2.90075937906901e-07,0.0,-3.861586252848307e-05,7.658402125040691e-05,1.2620290120442708e-05,-0.00020659963289896646,5.032618840535482e-05,-6.775061289469389e-07,-0.00010437568028767903,0.0,0.0,0.0,0.0,-0.00024648308753967286,0.0,-4.3869018554687505e-06,-2.3682912190755205e-06,3.399451573689779e-05,6.041924158732097e-06,2.3146470387776694e-06,0.0,0.0,0.0
Integrin signaling,2.5232632954915363e-05,-3.888209660847982e-06,0.0,5.888938903808594e-06,-7.774631182352701e-05,-8.702278137207031e-07,0.0,-1.819928487141927e-05,1.4756123224894207e-05,2.902746200561524e-06,-2.6865800221761065e-05,-4.9740076065063477e-05,4.197160402933756e-05,-0.00010067025820414224,0.0,0.0,0.0,0.0,-8.702278137207031e-07,0.0,-1.4623006184895832e-06,1.5834967295328774e-06,1.0051329930623372e-05,-1.4364719390869139e-05,5.094210306803386e-06,0.0,0.0,0.0
Adherens junction,-1.78813934326173e-08,-4.172325134277344e-07,0.0,3.931919733683268e-06,-8.866389592488605e-05,-8.702278137207031e-07,0.0,-2.530415852864583e-05,1.4756123224894207e-05,-1.4593203862508139e-05,-0.00017217199007670087,-5.182425181070963e-05,-4.307428995768227e-06,-0.00017210841178894043,0.0,0.0,0.0,0.0,4.40359115600586e-05,0.0,-7.313489913940429e-06,1.5834967295328784e-06,1.1092424392700195e-05,-1.1849403381347655e-05,4.510084788004555e-07,0.0,0.0,0.0
Gap junction,-2.169609069824219e-05,4.484256108601889e-06,0.0,3.1411647796630857e-06,-4.56849733988444e-05,-1.4503796895345051e-06,0.0,-1.686414082845052e-05,5.114078521728513e-06,-1.1191765467325845e-05,-9.28044319152832e-05,-6.610949834187826e-05,5.519986152648926e-05,2.22623348236084e-05,0.0,0.0,0.0,6.258487701416016e-07,2.2596120834350584e-05,0.0,-1.4642874399820961e-06,5.531311035156251e-06,-1.752376556396484e-06,-2.1417935689290363e-05,4.166364669799805e-06,0.0,0.0,0.0
Signaling pathways regulating pluripotency of stem cells,1.8090009689331055e-05,1.1432170867919921e-05,0.0,3.927946090698242e-06,-4.078944524129231e-06,-5.80151875813802e-07,0.0,-1.5536944071451824e-05,-5.33143679300944e-05,1.3105074564615886e-05,-0.0001138150691986084,-2.084970474243164e-05,8.255243301391602e-06,-2.273718516031901e-05,0.0,0.0,0.0,4.172325134277344e-07,-2.4034579594930014e-05,0.0,-4.390875498453776e-06,-3.155072530110676e-06,5.193551381429036e-06,-1.6132990519205727e-05,2.77558962504069e-06,0.0,0.0,0.0
Complement and coagulation cascades,1.834233601888021e-05,8.571147918701171e-06,0.0,3.5365422566731772e-06,0.00011121233304341634,-5.80151875813802e-07,0.0,-2.2212664286295577e-06,1.8723805745442704e-05,2.2337834040323892e-05,-4.682938257853192e-06,8.928775787353513e-06,3.7841002146402995e-05,8.210937182108561e-05,0.0,0.0,0.0,0.0,8.285641670227052e-05,0.0,0.0,1.0259946187337239e-05,3.0871232350667315e-05,1.0081132253011069e-05,2.3086865743001307e-06,0.0,0.0,0.0
Platelet activation,-2.3732582728068035e-05,-1.2264649073282877e-05,0.0,9.423494338989257e-06,1.9119183222452802e-05,-1.7404556274414062e-06,0.0,-1.3321638107299805e-05,-1.3039509455362955e-05,-8.279085159301758e-06,-0.0002287785212198893,-6.493131319681803e-05,2.1475553512573243e-05,-2.876520156860352e-05,0.0,0.0,0.0,0.0,-9.470979372660318e-05,0.0,-2.9305617014567056e-06,1.1847416559855142e-05,-8.688370386759441e-06,-1.8898646036783854e-05,1.3768672943115233e-06,0.0,0.0,0.0
Antigen processing and presentation,4.792213439941407e-05,5.300839742024739e-06,0.0,1.2965997060139974e-05,0.00024422208468119304,-2.0305315653483075e-06,0.0,-2.6631355285644532e-05,1.4183918635050452e-05,8.732080459594727e-06,-0.00016808509826660156,2.7096271514892583e-05,-2.215703328450521e-05,-1.6711155573527022e-05,0.0,0.0,0.0,0.0,-0.00010658105214436848,0.0,-1.4623006184895832e-06,-1.6576051712036134e-05,-1.1467933654785155e-05,-1.05897585550944e-05,6.0160954793294265e-06,0.0,0.0,0.0
Renin-angiotensin system,5.1490465799967455e-05,1.2664000193277997e-05,0.0,7.867813110351563e-07,-0.00018552939097086588,-8.702278137207031e-07,-8.145968119303384e-08,-2.2212664286295577e-06,-8.39392344156901e-05,-1.2169281641642252e-05,5.6002537409464515e-05,3.662904103597005e-05,9.75529352823893e-07,-0.00028113126754760744,7.867813110351563e-07,0.0,0.0,1.4603137969970703e-06,-9.963512420654298e-05,0.0,-6.582339604695637e-06,1.8956263860066733e-05,-3.83456548055013e-06,-1.1843442916870118e-05,-1.4046827952067057e-06,0.0,0.0,0.0
Toll-like receptor signaling pathway,2.726912498474121e-05,4.893541336059571e-06,0.0,7.4605147043863935e-06,-8.116563161214193e-05,-2.90075937906901e-07,0.0,-2.3969014485677086e-05,-2.2117296854654944e-05,-9.248654047648111e-06,-0.00018092195192972817,6.135304768880208e-05,-4.305442174275716e-06,-5.659858385721842e-05,0.0,0.0,0.0,0.0,-9.26812489827474e-05,0.0,-2.9325485229492185e-06,-3.943840662638346e-06,-5.914767583211261e-06,-4.763205846150716e-05,-2.7934710184733073e-06,0.0,0.0,0.0
RIG-I-like receptor signaling pathway,5.455215771993001e-05,4.0729840596516925e-07,0.0,5.108118057250977e-06,-9.27607218424479e-05,-5.80151875813802e-07,0.0,-2.530217170715332e-05,-2.7789672215779623e-05,-2.4801492691040037e-05,-0.0001879294713338216,-8.696913719177244e-05,-1.3566017150878906e-05,8.443593978881837e-05,0.0,0.0,0.0,0.0,-0.00018768906593322754,0.0,-2.197424570719401e-06,-5.52535057067871e-06,1.317461331685384e-05,-2.4944543838500977e-05,-4.827976226806637e-07,0.0,0.0,0.0
Cytosolic DNA-sensing pathway,2.8795003890991216e-05,2.4576981862386073e-06,0.0,3.5345554351806643e-06,-7.843375205993653e-05,-5.80151875813802e-07,0.0,-2.530217170715332e-05,-4.083514213562012e-05,-6.8207581837972e-06,-0.00017392436663309736,-8.963942527770995e-05,7.923444112141927e-06,-0.0001414954662322998,0.0,0.0,0.0,0.0,3.186861673990885e-05,0.0,0.0,-7.10288683573405e-06,1.351634661356608e-05,-3.1501054763793945e-05,2.7676423390706382e-06,0.0,0.0,0.0
C-type lectin receptor signaling pathway,2.1402041117350257e-05,-2.8669834136962887e-06,0.0,1.5735626220703126e-06,-1.84019406636556e-05,-5.80151875813802e-07,0.0,-7.989009221394857e-06,1.7583370208740234e-05,-1.5079975128173828e-05,-0.0002947131792704264,-7.267395655314128e-05,-3.372430801391601e-05,-3.2945473988850906e-05,0.0,0.0,0.0,0.0,6.430347760518391e-05,0.0,-2.199411392211914e-06,-5.523363749186198e-06,5.5352846781412765e-06,-5.7206551233927415e-05,-1.4007091522216797e-06,0.0,0.0,0.0
JAK-STAT signaling pathway,1.1199712753295899e-05,2.034505208333334e-06,0.0,7.4605147043863935e-06,-7.16090202331543e-05,0.0,0.0,-2.4859110514322916e-05,-0.00013046065966288247,-2.1882851918538408e-05,-0.0001978437105814616,1.5189250310262045e-05,3.470182418823242e-05,-7.329781850179037e-05,0.0,0.0,0.0,6.258487701416016e-07,3.1000375747680665e-05,0.0,-4.388888676961263e-06,-7.10288683573405e-06,-1.1461973190307616e-05,-7.257858912150066e-05,4.166364669799804e-06,0.0,0.0,0.0
Hematopoietic cell lineage,2.8536717096964517e-05,-1.6510486602783196e-06,0.0,9.427467981974283e-06,-2.9999017715454102e-05,-1.4503796895345051e-06,0.0,-2.3082892100016275e-05,-8.280674616495768e-05,1.9905964533487958e-05,-0.00021185278892517094,8.367896080017089e-05,2.4457772572835285e-05,-0.00019901196161905925,0.0,0.0,0.0,0.0,-0.00013410449028015137,0.0,-2.1934509277343753e-06,-7.098913192749025e-06,8.31286112467448e-06,-1.5123685201009114e-05,7.4108441670735674e-06,0.0,0.0,0.0
Natural killer cell mediated cytotoxicity,6.500681241353353e-05,4.0133794148763053e-07,0.0,2.749760945638021e-06,6.141463915506998e-05,-1.160303751627604e-06,0.0,-1.5538930892944335e-05,-0.0001418014367421468,-1.604954401652018e-05,-5.4285923639933274e-05,-6.313522656758626e-05,-2.0829836527506512e-05,-5.242427190144857e-05,0.0,0.0,0.0,0.0,-9.842713673909505e-06,0.0,-2.1934509277343753e-06,-1.657207806905111e-05,-2.0150343577067057e-05,-7.006327311197917e-05,1.8477439880371094e-06,0.0,0.0,0.0
IL-17 signaling pathway,2.5733311971028647e-05,5.304813385009766e-06,0.0,2.3563702901204426e-06,1.77462895711263e-05,-2.90075937906901e-07,0.0,-8.841355641682943e-07,2.1557013193766277e-05,-1.5077988306681317e-05,-0.00013949076334635418,9.228785832722982e-06,-1.8852949142456055e-05,-3.433624903361003e-05,0.0,0.0,0.0,0.0,-5.531509717305501e-05,0.0,-9.520848592122395e-06,7.88768132527669e-07,3.53852907816569e-05,3.4014383951822914e-05,4.164377848307291e-06,0.0,0.0,0.0
Th1 and Th2 cell differentiation,2.785523732503255e-06,2.034505208333334e-06,0.0,2.747774124145508e-06,-2.7950604756673177e-05,-5.80151875813802e-07,0.0,-1.8642346064249674e-05,2.5808811187744144e-05,4.728635152181003e-07,4.06702359517415e-06,-4.288752873738607e-05,-2.1831194559733075e-05,9.258588155110705e-07,0.0,0.0,0.0,0.0,-5.097587903340657e-05,0.0,-7.311503092447916e-07,-1.1835495630900067e-05,-7.309516270955403e-06,-3.225604693094889e-05,1.8457571665445965e-06,0.0,0.0,0.0
Th17 cell differentiation,2.3953119913736976e-05,-1.231829325358073e-06,0.0,5.10414441426595e-06,-8.934934933980307e-05,-5.80151875813802e-07,2.443790435791016e-07,-1.1978546778361003e-05,6.812810897827148e-06,1.9252300262451166e-06,-8.813937505086264e-05,-4.527370134989421e-05,-2.6130676269531252e-05,-5.010763804117838e-05,0.0,0.0,0.0,2.086162567138672e-07,-4.7500928243001306e-05,0.0,-7.331371307373046e-07,-7.887681325276693e-06,4.502137502034505e-06,-3.578861554463705e-05,6.018082300821941e-06,0.0,0.0,0.0
T cell receptor signaling pathway,5.849202473958333e-06,4.488229751586914e-06,0.0,0.0,-3.954966862996419e-05,-1.160303751627604e-06,0.0,-2.1747748057047523e-05,-3.062287966410319e-05,-9.735425313313801e-06,-0.0002095182736714681,-0.00013103882471720378,-1.9510587056477863e-05,-5.7528416315714516e-05,0.0,0.0,0.0,0.0,6.662607192993164e-05,0.0,-2.9305617014567056e-06,-1.1042753855387369e-05,1.3870000839233396e-05,-5.7206551233927415e-05,2.3106733957926436e-06,0.0,0.0,0.0
B cell receptor signaling pathway,6.577769915262858e-05,-4.092852274576823e-06,0.0,3.5345554351806643e-06,-8.252859115600587e-05,-8.702278137207031e-07,0.0,-2.352595329284668e-05,-5.642573038736975e-07,-1.2165307998657226e-05,-0.00016049742698669435,-0.0001024484634399414,-2.0509958267211912e-05,-9.788870811462403e-05,0.0,0.0,0.0,0.0,7.5380007425944e-06,0.0,-5.849202473958333e-06,-7.895628611246745e-06,-1.7484029134114572e-06,-1.1338790257771809e-05,1.8437703450520836e-06,0.0,0.0,0.0
Fc epsilon RI signaling pathway,-3.432234128316243e-05,-1.1855363845825196e-05,0.0,6.286303202311197e-06,2.0662943522135424e-06,-8.702278137207031e-07,0.0,-2.5745232899983724e-05,-9.07182693481445e-06,-4.390875498453776e-06,-0.00018559296925862632,-4.6912829081217444e-05,4.2915344238281225e-06,-1.8596649169921902e-06,0.0,0.0,0.0,0.0,-8.225639661153159e-05,0.0,-3.6617120107014976e-06,-3.159046173095703e-06,-2.3269653320312502e-05,-5.166133244832356e-05,5.5531660715738935e-06,0.0,0.0,0.0
Fc gamma R-mediated phagosome formation,-1.888275146484375e-05,-8.585055669148763e-06,0.0,5.106131235758464e-06,0.00010302464167277017,-1.7404556274414062e-06,0.0,-6.65585199991862e-06,-7.259249687194826e-05,-1.654227574666341e-05,-5.8372815450032554e-05,-5.122820536295573e-05,-2.3265679677327456e-06,-1.5773375829060872e-05,0.0,0.0,0.0,0.0,-8.370677630106607e-05,0.0,-2.1934509277343753e-06,-9.473164876302082e-06,-2.1880865097045896e-05,-5.644361178080241e-05,6.949901580810546e-06,0.0,0.0,0.0
TNF signaling pathway,1.5026330947875976e-05,-3.280242284138997e-06,0.0,2.358357111612956e-06,-0.00010230739911397299,-5.80151875813802e-07,0.0,-1.9971529642740885e-05,6.810824076334632e-06,-1.751581827799479e-05,-0.00019784768422444662,1.696944236755371e-05,-1.5221039454142255e-05,-0.00011180241902669272,0.0,0.0,0.0,0.0,6.959835688273112e-06,0.0,-3.6557515462239585e-06,-7.889668146769204e-06,1.4215707778930664e-05,1.33514404296875e-05,-2.3265679677327473e-06,0.0,0.0,0.0
Leukocyte transendothelial migration,-3.3169984817504876e-05,-9.399652481079103e-06,0.0,8.245309193929037e-06,-6.819566090901693e-05,-8.702278137207031e-07,0.0,-2.8403600056966144e-05,8.055170377095541e-05,4.355112711588542e-06,-0.00016750097274780275,-6.998578707377116e-05,-1.9947687784830726e-06,-0.00016468564669291179,0.0,0.0,0.0,0.0,-0.00018914143244425457,0.0,-3.6557515462239585e-06,-7.88768132527669e-07,1.7205874125162759e-06,-1.9911924997965495e-05,-4.651149113972981e-06,0.0,0.0,0.0
Intestinal immune network for IgA production,-1.3025601704915364e-05,3.993511199951165e-07,0.0,1.060167948404948e-05,-0.00012072722117106121,-2.6106834411621096e-06,0.0,-2.530018488566081e-05,2.382993698120117e-05,-5.36044438680013e-06,-0.0001651724179585775,-4.988511403401693e-05,-7.339914639790853e-05,-0.00010344982147216798,7.867813110351563e-07,0.0,0.0,1.2516975402832031e-06,-0.00017523765563964844,0.0,-2.195437749226888e-06,-1.4203786849975585e-05,7.975101470947265e-06,7.559855779012044e-06,-2.7974446614583323e-06,0.0,0.0,0.0
Circadian rhythm,-1.8380085627237953e-05,-4.496177037556966e-06,0.0,1.4926989873250324e-05,-0.00010299086570739745,-1.4503796895345051e-06,0.0,-1.4650821685791015e-05,1.134872436523438e-05,-3.41335932413737e-06,-0.00022527178128560382,8.635719617207845e-05,-2.579490343729655e-05,-4.7785043716430674e-05,0.0,0.0,0.0,0.0,2.4628639221191406e-05,0.0,-5.118052164713542e-06,3.973642985026381e-09,-1.8747647603352866e-05,-7.031361262003581e-05,1.0192394256591797e-05,0.0,0.0,0.0
Circadian entrainment,3.6698579788208004e-05,-4.506111145019532e-06,0.0,9.42548116048177e-06,2.4571021397908526e-05,-2.9007593790690103e-06,0.0,-1.0208288828531902e-05,5.048910776774088e-05,1.446406046549479e-06,-7.3548158009847e-05,-1.6979376475016273e-05,-1.4227628707885743e-05,-0.00015819470087687174,0.0,0.0,0.0,4.172325134277344e-07,-0.00015438199043273925,0.0,-5.1279862721761075e-06,8.692344029744467e-06,1.1438131332397461e-05,-2.0162264506022135e-05,4.470348358154297e-07,0.0,0.0,0.0
Long-term potentiation,-4.6682357788085933e-05,-1.0222196578979492e-05,0.0,3.1431516011555986e-06,-7.43408997853597e-05,-2.320607503255208e-06,0.0,-3.1516949335734055e-05,3.574291865030924e-05,4.708766937255857e-07,1.6321738560994465e-05,6.3935915629069e-06,5.280971527099611e-06,-3.804365793863932e-05,0.0,0.0,0.0,4.172325134277344e-07,-0.0001633624235788981,0.0,-4.390875498453776e-06,-9.469191233317058e-06,-3.4868717193603503e-06,-7.610718409220378e-05,-4.788239796956379e-07,0.0,0.0,0.0
Synaptic vesicle cycle,-3.546078999837239e-05,2.851088841756185e-06,0.0,8.249282836914063e-06,8.937915166219074e-05,-1.160303751627604e-06,0.0,4.8836072285970054e-06,-5.841851234436034e-05,2.5250514348347985e-05,-0.00038925806681315106,-0.00010840495427449546,2.3794174194335937e-05,7.97887643178304e-05,3.9339065551757816e-07,0.0,0.0,0.0,0.00022912025451660156,0.0,-9.512901306152343e-06,4.734595616658528e-06,-7.947285970051632e-09,1.8902619679768883e-05,6.0141086578369136e-06,0.0,0.0,0.0
Neurotrophin signaling pathway,8.402268091837565e-06,1.02082888285319e-05,0.0,3.5365422566731772e-06,-3.478129704793294e-05,-1.160303751627604e-06,0.0,-1.731117566426595e-05,-5.67158063252767e-05,-4.871686299641927e-06,-0.0002025147279103597,-2.05536683400472e-05,-9.59634780883789e-06,-7.886489232381186e-05,0.0,0.0,0.0,6.258487701416016e-07,-8.684396743774415e-06,0.0,-2.9305617014567056e-06,4.736582438151043e-06,-3.5961469014485666e-07,-4.283984502156576e-05,4.166364669799804e-06,0.0,0.0,0.0
Retrograde endocannabinoid signaling,6.679693857828776e-05,-2.0484129587809245e-06,0.0,5.106131235758464e-06,-2.3170312245686846e-05,-1.160303751627604e-06,0.0,-6.659825642903647e-06,7.94529914855957e-06,-1.4762083689371746e-06,-0.00015175143877665202,-9.232560793558755e-05,-2.083977063496907e-05,-0.00012664993604024252,0.0,0.0,0.0,0.0,-8.312265078226726e-05,0.0,-1.4623006184895832e-06,0.0,1.2481212615966796e-05,1.562237739562988e-05,9.179115295410155e-07,0.0,0.0,0.0
Glutamatergic synapse,3.313422203063965e-05,6.528695424397787e-06,0.0,3.5325686136881514e-06,2.1849075953165686e-05,-2.0305315653483075e-06,0.0,-2.0855665206909175e-05,6.353656450907388e-05,9.703636169433594e-06,-0.00011497934659322104,-7.654229799906413e-05,3.2941500345865876e-06,-0.0002389132976531982,0.0,0.0,0.0,2.086162567138672e-07,3.3309062321980797e-05,0.0,-5.8531761169433595e-06,-1.5775362650553393e-06,5.882978439331055e-06,-7.609526316324861e-07,2.3047129313151044e-06,0.0,0.0,0.0
Cholinergic synapse,1.8596649169921875e-05,2.4418036142985023e-06,0.0,1.5715758005777993e-06,-0.00010435382525126139,-1.7404556274414062e-06,0.0,-9.763240814208983e-06,-0.00010833541552225748,-1.2169281641642252e-05,-0.00013424158096313478,3.662308057149251e-05,4.287560780843099e-06,-0.00016886790593465169,0.0,0.0,0.0,0.0,-9.732246398925781e-05,0.0,-6.584326426188152e-06,9.473164876302084e-06,4.845857620239258e-06,-3.3519665400187175e-05,4.4902165730794286e-07,0.0,0.0,0.0
Serotonergic synapse,1.5276670455932618e-05,1.2159347534179685e-06,0.0,7.462501525878906e-06,-9.534756342569987e-06,-2.0305315653483075e-06,0.0,-1.8642346064249674e-05,1.758933067321777e-05,1.0190407435099284e-05,-9.980996449788413e-05,-0.00011227925618489583,2.630551656087239e-06,-0.0002050518989562988,0.0,0.0,0.0,0.0,-2.6007493336995442e-06,0.0,-2.9285748799641923e-06,-2.3682912190755213e-06,2.1155675252278646e-05,-5.342364311218261e-05,1.8378098805745442e-06,0.0,0.0,0.0
GABAergic synapse,4.919568697611491e-05,-1.2338161468505863e-06,0.0,6.286303202311197e-06,-0.00010094443957010905,-5.80151875813802e-07,0.0,-3.1034151713053383e-06,1.2483199437459308e-05,1.3587872187296551e-05,-0.00024103323618570962,-0.0001087029774983724,-5.956490834554037e-06,-0.00010901888211568195,0.0,0.0,0.0,4.172325134277344e-07,3.099838892618815e-05,0.0,-8.046627044677734e-06,7.895628611246745e-06,3.920396169026693e-05,1.5115737915039062e-05,1.8397967020670571e-06,0.0,0.0,0.0
Dopaminergic synapse,-9.965896606445314e-06,-7.770458857218423e-06,0.0,8.640686670939128e-06,-3.395477930704753e-06,-8.702278137207031e-07,0.0,-2.4410088857014972e-05,-1.247525215148926e-05,-9.246667226155597e-06,-4.670222600301107e-05,-2.561608950297038e-05,-8.604923884073892e-06,-8.350809415181476e-05,0.0,0.0,0.0,2.086162567138672e-07,-0.00015959541002909342,0.0,-5.861123402913411e-06,-7.907549540201831e-07,1.6991297403971354e-05,-3.7052234013875325e-05,-1.3907750447591485e-08,0.0,0.0,0.0
Long-term depression,-7.753570874532063e-05,-3.6895275115966796e-06,0.0,8.243322372436522e-06,1.638929049173991e-05,-2.320607503255208e-06,0.0,-3.551443417867025e-05,-3.0056635538736975e-05,-9.894371032714847e-07,-0.00012490351994832357,-3.752311070760091e-05,8.257230122884114e-06,-7.468859354654948e-05,0.0,0.0,0.0,1.043081283569336e-06,-6.632804870605468e-05,0.0,-7.331371307373046e-07,3.959735234578452e-06,-7.073084513346359e-07,-5.9469540913899734e-05,4.625320434570312e-06,0.0,0.0,0.0
Olfactory transduction,-7.294416427612306e-05,-5.960464477539289e-09,0.0,1.4537572860717774e-05,-0.00016506512959798178,-2.90075937906901e-07,0.0,-9.322166442871092e-06,-9.698867797851561e-05,5.815426508585613e-06,-0.0002141912778218587,4.905462265014646e-06,-1.6709168752034532e-06,-7.60813554128011e-05,0.0,0.0,0.0,1.043081283569336e-06,3.770987192789714e-06,0.0,-3.6577383677164714e-06,1.6593933105468752e-05,2.1503369013468427e-05,2.7656555175781258e-06,-9.417533874511726e-07,0.0,0.0,0.0
Taste transduction,7.393360137939452e-05,8.145968119303385e-07,0.0,5.106131235758464e-06,-3.545284271240235e-05,-5.80151875813802e-07,0.0,-1.9977490107218422e-05,5.55892785390218e-05,2.476970354715983e-05,-6.479620933532716e-05,-5.569855372111002e-05,5.4208437601725255e-05,-7.840593655904134e-05,0.0,0.0,0.0,2.086162567138672e-07,0.00014338692029317222,0.0,-6.5803527832031245e-06,-8.6824099222819e-06,5.539258321126302e-06,-5.443890889485677e-05,7.412830988566081e-06,0.0,0.0,0.0
Phototransduction,-4.719694455464681e-05,1.2250741322835286e-05,0.0,9.032090504964193e-06,-2.1813313166300458e-05,5.80151875813802e-07,0.0,1.065532366434733e-05,2.268950144449871e-06,2.9047330220540374e-06,-2.919832865397136e-05,8.45789909362793e-05,-4.166364669799805e-05,-0.00046670238176981606,0.0,0.0,0.0,1.4603137969970703e-06,1.767476399739583e-05,0.0,-1.1712312698364258e-05,8.68042310078939e-06,3.052552541097005e-05,-3.029902776082357e-06,-5.584955215454102e-06,0.0,0.0,0.0
Inflammatory mediator regulation of TRP channels,-5.5478016535441087e-05,-4.1127204895019565e-07,0.0,3.9339065551757816e-07,-6.576379140218103e-07,-2.320607503255208e-06,0.0,-2.6643276214599615e-06,-4.529953002929692e-06,9.707609812418619e-06,-0.00021769007047017417,-2.0853678385416664e-05,1.8173456192016604e-05,-0.0001243273417154948,0.0,0.0,0.0,2.086162567138672e-07,8.574326833089191e-05,0.0,-3.6597251892089843e-06,5.533297856648763e-06,-5.21540641784668e-06,-1.336534818013509e-05,1.8378098805745442e-06,0.0,0.0,0.0
Insulin signaling pathway,1.3752778371175131e-05,1.2238820393880214e-06,0.0,3.1451384226481123e-06,-1.9768873850504555e-05,-1.160303751627604e-06,0.0,-2.0857652028401693e-05,-3.4028291702270506e-05,4.845857620239258e-06,-6.713271141052246e-05,-9.532769521077472e-06,2.966324488321939e-06,-0.00010205904642740885,0.0,0.0,0.0,1.2516975402832031e-06,9.529987970987955e-05,0.0,-4.3869018554687505e-06,-4.734595616658529e-06,-1.0530153910319015e-06,-6.22391700744629e-05,2.77558962504069e-06,0.0,0.0,0.0
Insulin secretion,-1.379251480102539e-05,8.165836334228516e-06,0.0,1.9649664560953777e-06,2.3895502090454104e-05,-2.320607503255208e-06,0.0,-8.428096771240235e-06,-0.00019625425338745117,-1.702109972635905e-05,4.7836701075236e-05,-1.787145932515462e-05,-5.302826563517252e-06,-0.00022777915000915527,0.0,0.0,0.0,1.043081283569336e-06,-2.020597457885742e-06,0.0,-3.6557515462239585e-06,-1.5795230865478526e-06,5.191564559936524e-06,-5.547205607096354e-06,-9.41753387451172e-07,0.0,0.0,0.0
GnRH signaling pathway,-4.439155260721842e-05,-1.5530983606974284e-05,0.0,2.7517477671305337e-06,-2.863009770711263e-05,-1.7404556274414062e-06,0.0,-2.0418564478556315e-05,-6.80287679036458e-06,7.172425587972009e-07,-0.00021068056424458824,-4.8551956812540686e-05,-1.191099484761556e-05,-5.4277976353963216e-05,0.0,0.0,0.0,1.2516975402832031e-06,-8.11020533243815e-06,0.0,-2.1934509277343753e-06,-7.867813110351567e-07,1.0331471761067708e-06,-5.042552947998047e-06,-1.1920928955077447e-08,0.0,0.0,0.0
Ovarian steroidogenesis,-4.489819208780924e-05,-1.51216983795166e-05,0.0,3.1431516011555986e-06,-0.00014187494913736978,-2.320607503255208e-06,0.0,-1.5976031621297202e-05,5.106131235758459e-06,6.790955861409506e-06,-0.00022118886311848956,-9.917616844177245e-05,1.1555353800455731e-05,-0.00012200276056925455,0.0,0.0,0.0,6.258487701416016e-07,5.590716997782389e-05,0.0,-7.311503092447917e-06,3.159046173095703e-06,-3.4848848978678382e-06,4.938840866088867e-05,4.1584173838297525e-06,0.0,0.0,0.0
Progesterone-mediated oocyte maturation,2.5228659311930338e-05,1.6331672668457028e-06,0.0,5.89291254679362e-06,5.473693211873374e-06,-8.702278137207031e-07,0.0,-6.210803985595703e-06,6.81479771931966e-06,1.8453598022460935e-05,-0.00021243890126546223,-4.198749860127767e-05,-1.2908379236857094e-05,-5.566676457722982e-05,0.0,0.0,0.0,0.0,5.7645638783772786e-05,0.0,-5.8571497599283845e-06,3.945827484130859e-06,-1.3895829518636067e-05,-1.662572224934896e-05,3.703435262044271e-06,0.0,0.0,0.0
Estrogen signaling pathway,9.415547053019206e-06,-8.996327718098957e-06,0.0,1.9649664560953777e-06,-4.4324000676472975e-05,-1.160303751627604e-06,0.0,-1.9087394078572592e-05,1.8155574798583982e-05,7.273753484090168e-06,-0.0001441597938537598,-6.854534149169919e-06,1.0909636815388996e-05,-0.00010855396588643392,0.0,0.0,0.0,0.0,4.867116610209147e-05,0.0,-3.6577383677164714e-06,-7.867813110351556e-07,-2.0901362101236977e-06,-7.307529449462891e-06,5.092223485310873e-06,0.0,0.0,0.0
Melanogenesis,-4.6678384145100904e-05,-7.361173629760742e-06,0.0,1.9649664560953777e-06,0.00011052489280700683,-1.4503796895345051e-06,0.0,-2.086361249287923e-05,-3.9134422938028975e-05,-1.3617674509684242e-05,-3.0366579691569012e-05,-1.5195210774739582e-05,1.0236104329427084e-05,-3.3861398696899415e-05,0.0,0.0,0.0,4.172325134277344e-07,3.215670585632324e-05,0.0,-2.9265880584716798e-06,2.3722648620605463e-06,-1.0426839192708332e-05,-3.830790519714355e-05,-1.4066696166992186e-06,0.0,0.0,0.0
Prolactin signaling pathway,-2.9593706130981445e-05,-8.17577044169108e-06,0.0,3.5365422566731772e-06,2.1167596181233727e-05,-1.4503796895345051e-06,0.0,-1.509388287862142e-05,-0.00011117259661356609,-2.6988983154296876e-05,-0.00014824271202087402,-4.4077634811401374e-05,-1.8191337585449218e-05,-1.9488732020060223e-05,0.0,0.0,0.0,6.258487701416016e-07,-6.284713745117187e-05,0.0,-2.9305617014567056e-06,-8.680423100789388e-06,9.014209111531578e-06,-6.325244903564453e-05,1.8497308095296223e-06,0.0,0.0,0.0
Thyroid hormone synthesis,-4.413723945617676e-05,8.086363474527993e-07,0.0,3.1431516011555986e-06,0.00011530121167500814,-2.9007593790690103e-06,0.0,-1.6868114471435547e-05,-4.310210545857747e-05,5.817413330078126e-06,-0.00017567276954650883,-6.671746571858724e-05,-9.924173355102539e-06,2.088149388631184e-05,0.0,0.0,0.0,6.258487701416016e-07,7.358392079671224e-05,0.0,-5.120038986206054e-06,-9.471178054809569e-06,2.4199485778808595e-06,3.426671028137207e-05,-7.172425587972004e-07,0.0,0.0,0.0
Thyroid hormone signaling pathway,1.783569653828939e-05,8.575121561686198e-06,0.0,4.319349924723307e-06,-0.0001384576161702474,-2.0305315653483075e-06,0.0,-1.686414082845052e-05,-0.00010947783788045247,-1.1193752288818362e-05,-8.929769198099773e-05,1.7269452412923178e-05,9.854634602864589e-07,-7.793903350830079e-05,0.0,0.0,0.0,0.0,-1.6216437021891276e-05,0.0,0.0,-1.3413031895955404e-05,-7.651249567667644e-06,-4.737178484598796e-05,-1.589457194010411e-08,0.0,0.0,0.0
Adipocytokine signaling pathway,-3.112554550170898e-05,-8.265177408854171e-07,0.0,5.8909257253011065e-06,-0.00012822747230529784,-5.80151875813802e-07,1.6291936238606769e-07,-9.763240814208983e-06,-0.00013840198516845703,-1.993974049886068e-05,-0.00016283194224039714,-1.1018911997477212e-05,-1.9947687784830747e-06,3.618200620015463e-05,0.0,0.0,0.0,2.086162567138672e-07,-4.141728083292643e-05,0.0,-7.315476735432943e-06,-7.891654968261719e-06,-1.806219418843587e-05,-0.00010710358619689943,6.018082300821939e-06,0.0,0.0,0.0
Oxytocin signaling pathway,-3.546476364135742e-05,-9.80695088704427e-06,0.0,7.462501525878906e-06,3.821849822998047e-05,-5.80151875813802e-07,0.0,-6.655851999918618e-06,-2.2649765014648416e-06,-6.8247318267822266e-06,-0.00016283194224039712,-2.0851691563924153e-05,-1.3291835784912106e-06,-0.00020690560340881346,0.0,0.0,0.0,6.258487701416016e-07,-1.5928347905476886e-05,0.0,-7.331371307373046e-07,-3.941853841145833e-06,1.3709068298339844e-06,7.555882136027017e-06,4.4902165730794286e-07,0.0,0.0,0.0
Glucagon signaling pathway,-1.531839370727539e-05,-2.463658650716146e-06,0.0,5.8909257253011065e-06,-2.3855765660603842e-05,-8.702278137207031e-07,0.0,-1.6421079635620117e-05,1.645485560099284e-05,4.843870798746745e-06,-0.0001657485961914063,8.874138196309407e-05,4.7592322031656896e-05,-0.00013313889503479006,0.0,0.0,0.0,4.172325134277344e-07,0.0001546800136566162,0.0,-2.1934509277343753e-06,-1.9868214925134724e-09,1.0351339975992839e-06,-4.410346349080404e-05,1.8517176310221354e-06,0.0,0.0,0.0
Regulation of lipolysis in adipocytes,1.7575422922770183e-05,4.082918167114259e-06,0.0,2.3563702901204426e-06,3.5486618677775066e-05,-1.160303751627604e-06,0.0,7.1068604787190764e-06,-7.997552553812663e-05,-5.026658376057933e-07,-0.0003472407658894857,-0.00014444390932718913,0.0001127143700917562,-0.0002458711465199788,0.0,0.0,0.0,2.086162567138672e-07,0.0001057287057240804,0.0,-8.785724639892578e-06,7.967154184977218e-07,6.775061289469406e-07,-1.0335445404052735e-05,-4.788239796956379e-07,0.0,0.0,0.0
Renin secretion,2.5743246078491213e-05,-2.8689702351888016e-06,0.0,6.67572021484375e-06,1.0251998901367188e-05,-8.702278137207031e-07,0.0,1.8642346064249674e-05,0.00013387203216552737,7.760524749755859e-06,-8.930762608846028e-05,-5.211830139160156e-05,2.2141138712565106e-05,-0.00011922518412272135,0.0,0.0,0.0,6.258487701416016e-07,0.0001248459021250407,0.0,-6.588300069173178e-06,5.960464477538159e-09,3.087520599365235e-05,1.2576580047607425e-06,2.300739288330078e-06,0.0,0.0,0.0
Aldosterone synthesis and secretion,-2.2455056508382166e-05,-1.3077259063720703e-05,0.0,1.5735626220703126e-06,4.708369572957357e-05,-1.7404556274414062e-06,0.0,1.3271967569986976e-06,-0.00015144149462382,1.9331773122151708e-06,-0.0001213987668355306,3.1264623006184894e-05,-3.141562143961589e-05,-0.0002254585425059001,0.0,0.0,0.0,1.043081283569336e-06,-1.9985437393188477e-05,0.0,-4.3869018554687505e-06,6.318092346191406e-06,1.0051329930623372e-05,3.2703081766764327e-06,1.8358230590820309e-06,0.0,0.0,0.0
Relaxin signaling pathway,3.9253632227579756e-05,-1.6450881958007815e-06,0.0,3.9299329121907554e-06,-3.68197758992513e-05,-8.702278137207031e-07,0.0,-1.997550328572591e-05,-6.579160690307617e-05,-9.731451670328775e-06,-0.0001949310302734375,-6.343324979146322e-05,3.668467203776041e-05,-0.00011829733848571778,0.0,0.0,0.0,0.0,4.721681276957194e-05,0.0,-2.195437749226888e-06,1.5854835510253897e-06,-2.7875105539957686e-06,-4.082918167114258e-05,4.1604042053222655e-06,0.0,0.0,0.0
Cortisol synthesis and secretion,3.057718276977539e-05,-1.1446078618367511e-05,0.0,7.867813110351563e-07,3.548264503479004e-05,-1.160303751627604e-06,0.0,-3.105401992797851e-06,6.808837254842119e-06,1.1157989501953128e-05,-0.00019784967104593913,-5.211830139160156e-05,2.379417419433594e-05,-0.0002379914124806722,0.0,0.0,0.0,0.0,0.00015381574630737304,0.0,-6.5803527832031245e-06,1.1056661605834961e-05,1.6641616821289062e-05,2.4439891179402667e-05,6.0160954793294265e-06,0.0,0.0,0.0
"Parathyroid hormone synthesis, secretion and action",-2.118547757466634e-05,-2.0464261372884108e-06,0.0,5.493561426798503e-06,-7.911324501037597e-05,-1.160303751627604e-06,0.0,-7.987022399902344e-06,1.0216236114501953e-05,-1.314083735148112e-05,-8.872350056966147e-05,-2.502004305521647e-05,-6.695588429768878e-07,-6.912549336751302e-05,0.0,0.0,0.0,0.0,-5.619128545125326e-05,0.0,-1.4623006184895832e-06,-1.2626250584920248e-05,-7.132689158121741e-07,-4.6366453170776366e-05,1.84178352355957e-06,0.0,0.0,0.0
GnRH secretion,3.389517466227213e-05,-9.401639302571614e-06,0.0,2.7517477671305337e-06,-6.547371546427409e-05,-1.7404556274414062e-06,0.0,-1.1986494064331054e-05,-2.0418564478556315e-05,-1.9609928131103523e-06,-8.813738822937012e-05,-7.448593775431321e-06,-1.0257959365844728e-05,-0.00011087656021118164,0.0,0.0,0.0,0.0,-0.00010166565577189128,0.0,-5.849202473958333e-06,-5.523363749186198e-06,2.3935238520304362e-05,2.26895014444987e-06,2.302726109822591e-06,0.0,0.0,0.0
"Growth hormone synthesis, secretion and action",8.400281270345052e-06,-4.913409550984701e-06,0.0,1.9669532775878906e-06,-0.00013027191162109374,-8.702278137207031e-07,0.0,-1.3760725657145181e-05,-8.281469345092775e-05,-3.111561139424642e-05,-0.00015233159065246584,-1.1916955312093101e-05,6.272395451863607e-06,-7.515350977579752e-05,0.0,0.0,0.0,6.258487701416016e-07,4.1713317235310875e-05,0.0,-3.6577383677164714e-06,-6.3161055246988925e-06,-7.053216298421213e-07,-4.4858455657958986e-05,3.6954879760742188e-06,0.0,0.0,0.0
Aldosterone-regulated sodium reabsorption,-3.11275323232015e-05,1.3073285420735678e-05,0.0,7.847944895426432e-07,-0.00014869173367818199,-2.0305315653483075e-06,0.0,-4.436572392781575e-06,-0.00029664635658264163,-1.9550323486328128e-06,-0.0001091460386912028,0.00010155042012532552,-8.269151051839194e-06,2.4127960205078112e-05,7.867813110351563e-07,0.0,0.0,6.258487701416016e-07,8.98440678914388e-06,0.0,-7.311503092447916e-07,-7.098913192749022e-06,-5.2173932393391934e-06,-6.375511487325033e-05,1.843770345052083e-06,0.0,0.0,0.0
Endocrine and other factor-regulated calcium reabsorption,-4.617174466451009e-05,-5.960464477539006e-09,0.0,1.9649664560953777e-06,0.00011939605077107748,-2.3206075032552086e-06,8.145968119303384e-08,3.546476364135742e-06,-0.0002234796682993571,-4.875659942626953e-06,-0.00015174547831217449,6.402134895324708e-05,-3.9350986480712887e-05,6.263256072998047e-05,0.0,0.0,0.0,2.086162567138672e-07,0.0001578668753306071,0.0,-2.9246012369791664e-06,-3.945827484130859e-06,-1.9448995590209958e-05,-6.425976753234864e-05,-9.298324584960938e-06,0.0,0.0,0.0
Vasopressin-regulated water reabsorption,-5.245208740234376e-07,6.939967473347982e-06,0.0,5.89291254679362e-06,-0.00013982653617858887,-2.320607503255208e-06,0.0,-1.4201800028483072e-05,-2.608895301818848e-05,-9.73343849182129e-06,-0.00029355684916178385,4.705190658569336e-05,2.941091855367025e-05,-2.3206075032552086e-06,0.0,0.0,0.0,1.043081283569336e-06,0.00014744400978088378,0.0,-2.9285748799641923e-06,1.5834967295328774e-06,-1.2163321177164715e-05,-7.107059160868328e-05,6.943941116333008e-06,0.0,0.0,0.0
Proximal tubule bicarbonate reclamation,-4.4894218444824215e-05,1.3484557469685873e-05,0.0,-3.149112065633138e-06,0.00024490952491760257,-3.4809112548828124e-06,-8.145968119303384e-08,6.6518783569335926e-06,-7.713635762532553e-05,1.748204231262207e-05,-0.00018267432848612466,-5.8372815450032554e-05,-3.438591957092285e-05,0.00019762516021728515,0.0,0.0,0.0,1.043081283569336e-06,4.6354532241821285e-05,0.0,-8.046627044677734e-06,1.579523086547851e-06,5.5372714996337886e-06,5.316734313964844e-05,1.1583169301350912e-05,0.0,0.0,0.0
Collecting duct acid secretion,-5.7389338811238616e-05,5.712111790974935e-06,0.0,1.9609928131103515e-06,2.0603338877360024e-06,-1.986821492513021e-09,-8.145968119303384e-08,-4.6600898106892906e-05,-8.110801378885905e-05,3.060301144917806e-05,-0.0003647526105244954,-3.693103790283202e-05,-1.9844373067220052e-05,-3.479917844136556e-05,7.867813110351563e-07,0.0,0.0,0.0,0.00013788342475891114,0.0,-1.4623006184895832e-06,7.104873657226563e-06,3.7115812301635745e-05,4.611015319824218e-05,-1.8676122029622395e-06,0.0,0.0,0.0
Salivary secretion,-5.2034854888916016e-05,4.076957702636718e-06,0.0,5.499521891276042e-06,-3.613630930582682e-05,-1.7404556274414062e-06,0.0,-7.098913192749025e-06,-0.00010549624760945638,3.8743019104003915e-06,-0.0001955131689707438,6.240606307983399e-06,1.9828478495279946e-05,-5.706350008646647e-05,0.0,0.0,0.0,4.172325134277344e-07,-3.6203861236572264e-05,0.0,-2.9285748799641923e-06,3.1610329945882165e-06,3.298123677571615e-07,-1.386404037475586e-05,-1.8755594889322911e-06,0.0,0.0,0.0
Gastric acid secretion,-2.909302711486817e-05,-4.49816385904948e-06,0.0,6.67572021484375e-06,5.186200141906738e-05,-2.9007593790690103e-06,0.0,1.2429555257161457e-05,-4.8204263051350906e-05,-2.928574879964192e-06,-0.0002608776092529297,6.700555483500163e-05,-1.1920928955078577e-08,-5.519986152648926e-05,3.9339065551757816e-07,0.0,0.0,1.2516975402832031e-06,5.4460763931274424e-05,0.0,-1.4623006184895832e-06,2.370278040568033e-06,1.1436144510904947e-05,1.033345858256022e-05,4.490216573079432e-07,0.0,0.0,0.0
Pancreatic secretion,9.922186533610026e-06,5.298852920532226e-06,0.0,1.5715758005777993e-06,2.8661886850992842e-05,-1.4503796895345051e-06,0.0,-1.1092424392700197e-05,-6.806254386901855e-05,-2.9325485229492185e-06,-0.00022760828336079915,-4.5575698216756184e-05,-3.310044606526692e-06,-0.00012153585751851398,0.0,0.0,0.0,8.344650268554688e-07,0.0001616338888804118,0.0,-2.9265880584716798e-06,7.927417755126955e-07,-3.832578659057617e-06,-1.3862053553263344e-05,-9.437402089436849e-07,0.0,0.0,0.0
Carbohydrate digestion and absorption,-9.195009867350261e-06,-8.99036725362142e-06,0.0,5.108118057250977e-06,0.0001391748587290446,-2.9007593790690103e-06,0.0,-2.0418564478556315e-05,-0.00039534568786621095,-8.763869603474935e-06,-0.0002538700898488363,-1.0426839192708332e-05,1.155734062194824e-05,-0.00012200673421223959,0.0,0.0,0.0,8.344650268554688e-07,6.894270579020183e-05,0.0,-6.5803527832031245e-06,-5.525350570678711e-06,-1.840392748514811e-05,-7.333954175313314e-05,-1.8676122029622395e-06,0.0,0.0,0.0
Protein digestion and absorption,5.5831670761108394e-05,6.939967473347983e-06,0.0,6.284316380818685e-06,0.00022239883740743,-1.7404556274414062e-06,0.0,-2.3971001307169597e-05,-3.686348597208659e-05,-2.576907475789388e-05,-6.946325302124024e-05,-0.00010631680488586426,1.289049784342448e-05,4.1743119557698685e-06,7.867813110351563e-07,0.0,0.0,2.086162567138672e-07,8.487304051717123e-05,0.0,-4.388888676961263e-06,-3.1550725301106773e-06,1.0395050048828125e-05,5.03659248352051e-06,1.8397967020670577e-06,0.0,0.0,0.0
Fat digestion and absorption,5.338589350382488e-06,1.4708439509073892e-05,0.0,6.677707036336264e-06,-0.00014528234799702963,-5.80151875813802e-07,0.0,-1.9530455271402996e-05,-2.7227401733398435e-05,3.389517466227214e-06,-0.00018384257952372234,2.0247697830200195e-05,-1.025199890136719e-05,-0.0001646876335144043,0.0,0.0,0.0,1.043081283569336e-06,0.0002873460451761881,0.0,-8.048613866170247e-06,5.535284678141276e-06,3.1222899754842125e-05,-1.588265101114909e-05,2.7636686960856124e-06,0.0,0.0,0.0
Bile secretion,-3.189245859781901e-05,1.0210275650024413e-05,0.0,1.5676021575927735e-06,-3.681381543477376e-05,-2.320607503255208e-06,0.0,4.885594050089518e-06,-2.835392951965332e-05,7.762511571248372e-06,-9.863972663879394e-05,9.857416152954101e-05,7.25984573364258e-06,6.959835688273112e-06,0.0,0.0,0.0,0.0,0.00012687444686889648,0.0,-7.311503092447916e-07,-1.1835495630900067e-05,5.1875909169514964e-06,2.7696291605631516e-06,1.250902811686198e-05,0.0,0.0,0.0
Vitamin digestion and absorption,-1.9868214925130207e-08,-2.0484129587809245e-06,0.0,6.284316380818685e-06,0.00023808280626932783,-8.702278137207031e-07,0.0,-7.098913192749024e-06,-1.190900802612305e-05,1.893440882364909e-05,-0.0003402372201283773,5.181431770324706e-05,1.7182032267252607e-05,2.779563268025717e-06,0.0,0.0,0.0,6.258487701416016e-07,-8.051792780558268e-05,0.0,-4.392862319946289e-06,3.1550725301106773e-06,-3.818472226460775e-05,8.815526962280274e-06,1.3901789983113608e-05,0.0,0.0,0.0
Mineral absorption,-4.5150518417358405e-05,2.43981679280599e-06,0.0,1.0607639948527018e-05,0.00022648572921752925,-2.0305315653483075e-06,1.6291936238606769e-07,-1.9522507985432944e-05,-0.0002240478992462158,-1.5894571940103263e-08,-2.8614203135172522e-05,-3.663301467895507e-05,1.2548764546712243e-05,8.62876574198405e-05,0.0,0.0,0.0,8.344650268554688e-07,-0.00018913944562276203,0.0,-6.5803527832031245e-06,2.37425168355306e-06,-2.0960966746012364e-06,-3.1503041585286457e-05,-2.340475718180338e-06,0.0,0.0,0.0
Cholesterol metabolism,9.101430575052896e-05,1.1432170867919921e-05,0.0,1.1783838272094728e-05,3.8901964823404946e-05,-1.7404556274414062e-06,0.0,-1.5536944071451824e-05,-7.600188255310058e-05,9.705622990926107e-06,-3.853241602579753e-05,-8.666515350341797e-05,7.222692171732585e-05,-4.221598307291667e-05,0.0,0.0,0.0,2.086162567138672e-07,-2.9246012369791668e-05,0.0,-8.048613866170247e-06,7.100900014241536e-06,6.814797719319652e-07,-3.9313236872355146e-05,6.016095479329427e-06,0.0,0.0,0.0
Cobalamin transport and metabolism,-1.047650973002116e-05,1.5111764272054036e-05,0.0,2.946654955546061e-05,7.027784983317058e-05,-1.7404556274414062e-06,0.0,-2.219478289286296e-05,9.18865203857422e-05,3.6432345708211264e-05,-0.0003063976764678955,7.430513699849446e-05,-0.00012132724126180014,-0.00012849768002827963,0.0,0.0,0.0,1.043081283569336e-06,-0.00021143356959025064,0.0,-5.8531761169433595e-06,2.3682912190755205e-06,-1.424749692281087e-05,5.670785903930664e-05,-5.584955215454102e-06,0.0,0.0,0.0
Folate transport and metabolism,4.001657168070475e-05,1.796881357828776e-05,0.0,1.9649664560953777e-06,4.913012186686197e-05,-1.7404556274414064e-06,0.0,-2.7074416478474932e-05,4.255175590515137e-05,-5.843242009480795e-06,-2.2778908411661778e-05,-0.00011377135912577311,-1.7863512039184573e-05,0.00010392069816589355,3.9339065551757816e-07,0.0,0.0,0.0,-0.00023953914642333983,0.0,0.0,-1.42057736714681e-05,-1.21613343556722e-05,-4.435380299886068e-05,6.018082300821939e-06,0.0,0.0,0.0
