pathway,Bladder Urothelial Carcinoma,Brain Lower Grade Glioma,Breast Invasive Carcinoma,Cervical & Endocervical Cancer,Colon Adenocarcinoma,Esophageal Carcinoma,Glioblastoma Multiforme,Head & Neck Squamous Cell Carcinoma,Kidney Clear Cell Carcinoma,Kidney Papillary Cell Carcinoma,Liver Hepatocellular Carcinoma,Lung Adenocarcinoma,Lung Squamous Cell Carcinoma,Ovarian Serous Cystadenocarcinoma,Pancreatic Adenocarcinoma,Pheochromocytoma & Paraganglioma,Prostate Adenocarcinoma,Sarcoma,Skin Cutaneous Melanoma,Stomach Adenocarcinoma,Testicular Germ Cell Tumor,Thymoma,Thyroid Carcinoma,Uterine Corpus Endometrioid Carcinoma
Glycolysis / Gluconeogenesis,5.404154459635417e-06,-1.6788641611735027e-06,8.730093638102214e-06,3.302693367004395e-05,-7.528066635131836e-06,9.80695088704427e-06,-1.8586715062459312e-05,2.5884310404459635e-05,-5.209445953369139e-06,1.0881821314493818e-05,-1.043081283569336e-06,-2.0702679951985676e-05,-2.722938855489095e-05,0.0,-2.497434616088867e-06,2.866983413696289e-06,0.0,-4.221995671590169e-06,-1.9975503285725914e-05,7.828076680501309e-07,-5.960464477539062e-09,1.1469920476277668e-05,0.0,3.291765848795573e-05
Citrate cycle (TCA cycle),1.5723705291748048e-05,5.165735880533854e-07,1.2870629628499351e-05,-3.596941630045573e-05,-1.986821492513021e-06,5.811055501302083e-05,7.851918538411456e-06,2.7795632680257136e-06,2.6490290959676107e-05,-3.500580787658692e-05,7.184346516927082e-06,-1.410047213236491e-05,-9.55065091451009e-06,0.0,-1.4307101567586263e-05,2.5093555450439454e-06,0.0,-3.2265981038411454e-06,-1.986821492511214e-09,1.9011894861857095e-05,-4.2517979939778643e-07,1.7213821411132813e-05,0.0,3.5762786865234375e-07
Pentose phosphate pathway,2.1433830261230473e-05,-3.8743019104003906e-07,6.079673767089844e-06,-5.763371785481771e-05,-5.9783458709716795e-06,6.722013155619303e-05,-4.6680370966593436e-05,-2.7650594711303713e-05,2.6122728983561197e-05,0.00010151465733846028,-3.4769376118977863e-07,-1.0003646214803059e-05,1.1797746022542315e-05,0.0,-2.7185678482055662e-05,1.430511474609375e-06,0.0,-3.224611282348633e-06,-1.4974673589070637e-05,-7.013479868570961e-06,-4.311402638753255e-07,1.4074643452962237e-05,0.0,-1.083811124165853e-05
Pentose and glucuronate interconversions,1.5407800674438477e-05,9.040037790934244e-07,-1.811385154724121e-05,-1.745820045471191e-05,-3.763039906819661e-06,-1.7142295837402342e-05,2.8514862060546877e-05,-2.2095441818237304e-05,1.9578138987223306e-05,-3.478129704793294e-05,1.577138900756836e-05,-4.2152404785156246e-05,-3.0001004536946616e-06,0.0,5.735953648885092e-06,1.0748704274495444e-06,0.0,-1.986821492513021e-06,-1.872380574544271e-05,3.4372011820475267e-06,4.2319297790527347e-07,-1.6677379608154298e-05,0.0,2.661744753519694e-05
Fructose and mannose metabolism,-1.3486544291178385e-05,-4.132588704427083e-06,1.4245510101318354e-06,-3.2607714335123694e-05,-6.6498915354410805e-06,2.4557113647460943e-06,-2.5614102681477862e-05,-4.544854164123535e-05,-7.53005345662435e-07,-4.319945971171062e-05,3.3318996429443363e-06,-2.9730796813964844e-05,-2.8802951176961264e-05,0.0,-4.8661231994628905e-05,7.885694503784179e-06,0.0,-3.7213166554768882e-06,-5.743106206258138e-05,-1.0357300440470378e-05,-8.50359598795573e-07,1.2514988581339518e-05,0.0,2.6269753774007162e-05
Galactose metabolism,2.868970235188802e-06,6.457169850667318e-07,-9.37183698018392e-06,-3.702441851298014e-05,-4.2120615641276044e-06,5.6068102518717446e-06,-8.225440979003905e-07,4.8603614171346025e-05,-7.239977518717447e-06,1.862843831380208e-05,-3.490845362345378e-06,3.3686558405558266e-05,6.0133139292399096e-05,0.0,-5.010763804117838e-06,-3.5762786865234375e-07,0.0,9.973843892415365e-07,2.6212135950724283e-05,-7.78635342915853e-06,2.5391578674316407e-06,9.910265604654949e-06,0.0,7.492502530415853e-05
Ascorbate and aldarate metabolism,1.1438131332397461e-05,1.2914339701334636e-06,-1.6939640045166015e-05,-3.4072001775105794e-05,1.3311703999837239e-06,2.8713544209798175e-05,1.3643503189086914e-05,-3.421107927958171e-05,2.353191375732422e-05,2.8888384501139205e-06,2.8028090794881186e-05,-3.959139188130696e-05,-8.69611899058024e-05,0.0,-1.2153387069702149e-05,-1.7881393432617188e-06,0.0,2.9861927032470704e-06,-2.4344523747762048e-05,1.4964739481608074e-05,-8.463859558105469e-07,-2.604722976684571e-06,5.245208740234374e-07,3.1167268753051756e-05
Fatty acid biosynthesis,5.651116371154785e-05,5.036592483520508e-06,-2.5351842244466145e-05,-3.8286050160725914e-05,-3.325939178466797e-06,4.8667192459106445e-05,9.093681971232096e-06,7.196267445882162e-06,-2.9166539510091152e-06,-8.242527643839518e-05,1.7519791920979818e-05,-6.477038065592447e-07,-2.4835268656412738e-06,0.0,-7.867813110351562e-06,8.591016133626302e-06,0.0,4.474322001139323e-06,6.1798095703125e-05,2.291003863016764e-05,2.962350845336914e-06,6.777048110961914e-06,3.9339065551757816e-07,-2.0996729532877607e-05
Fatty acid elongation,-2.5331974029541003e-06,-1.8080075581868489e-06,1.2993812561035157e-06,-2.2085507710774748e-05,1.994768778483073e-06,-2.7646621068318684e-05,-2.272526423136393e-05,-8.581082026163737e-06,1.9264221191406253e-05,5.341370900472005e-05,2.680023511250814e-05,-1.2689828872680664e-05,-2.2172927856445386e-06,0.0,-5.000829696655273e-06,3.939867019653321e-06,0.0,-2.404054005940755e-07,-2.6849905649820965e-05,-5.441904067993165e-06,4.1921933492024744e-07,1.460115114847819e-05,0.0,2.108017603556315e-06
Fatty acid degradation,3.176927566528321e-06,1.2914339701334636e-06,-2.2759040196736653e-05,7.69952932993571e-05,2.2053718566894535e-07,-5.944569905598959e-06,4.5498212178548174e-06,2.3549795150756834e-05,1.1420249938964843e-05,1.5306472778320313e-05,4.559755325317383e-06,7.013479868570966e-07,-2.788901329040527e-05,0.0,1.898010571797689e-05,5.016724268595378e-06,0.0,4.23590342203776e-06,1.123348871866862e-05,6.234645843505858e-06,-1.2775262196858724e-06,4.17629877726237e-06,0.0,6.312131881713868e-06
Steroid biosynthesis,-1.7450253168741864e-05,-3.4848848978678387e-06,-2.1272897720336916e-05,-6.689230600992838e-05,4.450480143229166e-07,8.056561152140299e-06,4.834930102030436e-05,-7.309714953104656e-05,6.4750512440999344e-06,4.168152809143067e-05,-8.682409922281902e-07,1.2926260630289714e-05,3.812710444132487e-05,0.0,-1.179973284403483e-05,5.018711090087891e-06,0.0,-2.481540044148763e-06,2.8709570566813152e-05,-1.0434786478678383e-05,4.1921933492024744e-07,2.0851691563924153e-05,0.0,1.1211633682250976e-05
Primary bile acid biosynthesis,3.9054950078328445e-05,2.4537245432535806e-06,-3.1944115956624346e-05,-1.3673305511474606e-05,-4.42663828531901e-06,8.052190144856771e-05,-4.3374300003051754e-05,8.874932924906412e-05,-3.725290298461914e-06,0.00010860164960225424,1.4718373616536457e-05,5.488197008768718e-05,-3.99331251780192e-05,0.0,-4.43716843922933e-05,-1.7881393432617188e-06,0.0,-8.195638656616211e-06,-7.614890734354656e-05,2.158482869466146e-05,-1.6927719116210939e-06,-1.4070669809977212e-05,1.3113021850585936e-07,-1.575152079264323e-05
Ubiquinone and other terpenoid-quinone biosynthesis,-5.068381627400717e-06,5.161762237548829e-06,-1.1642773946126288e-06,-3.428856531778971e-05,-1.7762184143066407e-06,1.3657410939534503e-05,3.2234191894531254e-05,-1.1996428171793619e-05,1.9635756810506185e-05,-0.00010902484258015951,3.0825535456339516e-05,8.977651596069335e-05,-2.7108192443847657e-05,0.0,-1.501639684041341e-05,0.0,0.0,1.5079975128173824e-06,3.3080577850341804e-05,1.215537389119466e-05,4.2319297790527336e-07,2.6589632034301763e-05,2.622604370117187e-07,-4.6201546986897786e-05
Steroid hormone biosynthesis,2.6828050613403318e-05,3.3597151438395183e-06,2.0309289296468096e-05,-3.786285718282063e-05,-2.245108286539716e-07,1.3665358225504558e-05,-9.495019912719726e-06,3.794829050699863e-07,2.6434659957885746e-05,-5.405942598978679e-05,5.088249842325847e-06,-5.1120917002360024e-05,-4.8842032750447595e-05,0.0,-2.218087514241536e-05,-1.430511474609375e-06,0.0,5.718072255452474e-06,6.366769472757976e-05,1.036524772644043e-05,2.115964889526367e-06,7.824103037516277e-06,0.0,3.746946652730306e-05
Oxidative phosphorylation,1.556674639383952e-05,-1.5497207641601562e-06,8.46385955810547e-07,1.4728307723999023e-05,-1.329183578491211e-06,6.756583849589031e-05,1.8598635991414386e-05,3.9647022883097335e-05,2.5828679402669272e-06,7.337133089701333e-05,-1.2429555257161458e-05,2.0422538121541337e-05,-2.2385517756144202e-05,0.0,2.5059779485066732e-05,1.7901261647542317e-06,0.0,4.967053731282552e-07,7.490317026774089e-06,1.527865727742513e-05,0.0,1.146396001180013e-05,0.0,-6.635983784993489e-06
Arginine biosynthesis,1.75635019938151e-06,-2.7100245157877605e-06,-4.523992538452149e-06,4.212061564127599e-06,-5.094210306803385e-06,4.3412049611409494e-05,4.0086110432942707e-05,1.0228157043457031e-05,2.970695495605469e-05,2.749363581339518e-05,-8.22742780049642e-06,3.803372383117676e-05,5.750854810078939e-05,0.0,-1.3230244318644206e-05,2.863009770711263e-06,0.0,3.236532211303711e-06,5.554954210917155e-05,1.0126829147338868e-05,-2.1199385325113934e-06,2.1374225616455076e-05,0.0,9.934107462564652e-09
Purine metabolism,8.58306884765625e-06,0.0,-8.992354075113931e-06,6.037553151448568e-05,2.2053718566894535e-07,4.761815071105957e-05,1.243750254313151e-06,6.121397018432617e-06,7.961193720499674e-06,-1.2836853663126628e-05,3.616015116373698e-07,-1.3204415639241536e-05,-1.269380251566569e-05,0.0,5.7339668273925774e-06,-3.5762786865234375e-07,0.0,-1.984834671020508e-06,-1.685619354248047e-05,1.5119711558024088e-05,4.2319297790527347e-07,6.258487701416016e-06,0.0,1.0512272516886392e-05
Pyrimidine metabolism,-2.2113323211669914e-06,0.0,-3.078182538350423e-05,6.227294603983561e-05,1.7762184143066407e-06,2.4505456288655595e-05,1.2457370758056642e-06,1.5530983606974284e-05,8.018811543782552e-06,6.118019421895344e-05,6.310145060221355e-06,-3.2146771748860667e-06,2.738634745279947e-05,0.0,2.11179256439209e-05,-1.7881393432617188e-06,0.0,4.732608795166015e-06,4.993875821431478e-05,1.6210476557413735e-05,4.2319297790527347e-07,7.82012939453125e-06,0.0,-1.0140736897786458e-05
"Alanine, aspartate and glutamate metabolism",-3.64383061726888e-06,-2.9683113098144534e-06,6.020069122314453e-06,-1.2556711832682279e-06,-3.989537556966145e-06,1.5755494435628254e-05,-1.4042854309082031e-05,-3.1812985738118484e-05,-4.839897155761719e-06,2.017815907796224e-05,-1.7086664835611982e-07,1.6768773396809895e-05,3.393491109212239e-05,0.0,3.328720728556315e-05,2.863009770711263e-06,0.0,2.7358531951904296e-06,0.00011484821637471519,-5.290905634562174e-06,-8.463859558105467e-07,4.694859186808268e-06,0.0,2.381602923075358e-05
"Glycine, serine and threonine metabolism",-7.766485214233397e-06,2.064307530721028e-06,1.5393892923990888e-05,-4.9426158269246413e-05,4.410743713378907e-07,3.325939178466797e-05,1.033147176106771e-05,2.284844716389974e-05,-4.710753758748373e-06,-3.389318784077962e-05,2.3645162582397464e-05,-5.906224250793457e-05,-4.8450628916422526e-05,0.0,-1.7801920572916663e-06,0.0,0.0,7.510185241699219e-07,-2.1843115488688153e-05,-2.7954578399658194e-06,4.2319297790527347e-07,3.133217493693034e-06,0.0,4.13199265797933e-05
Cysteine and methionine metabolism,-1.8994013468424477e-06,-2.4497509002685548e-06,-2.455711364746095e-06,-0.0001226365566253662,0.0,4.481275876363119e-05,1.9009908040364584e-05,-1.5405813852945965e-05,3.1411647796630853e-06,2.4612744649251306e-05,4.208087921142579e-06,-1.9794702529907225e-05,-6.0890118281046546e-05,0.0,-1.1446078618367513e-05,3.224611282348633e-06,0.0,-2.475579579671224e-06,-3.1252702077229833e-06,5.151828130086262e-06,-1.2695789337158204e-06,-1.4591217041015624e-05,1.3113021850585936e-07,6.792147954305013e-05
"Valine, leucine and isoleucine degradation",-1.379847526550293e-05,4.3888886769612626e-06,-2.4640560150146486e-05,2.9240051905314124e-05,2.4318695068359378e-06,-4.409551620483399e-05,1.3639529546101889e-05,1.369317372639974e-05,5.487600962320964e-06,1.53044859568278e-05,-5.948543548583984e-06,-9.995698928833007e-06,-2.3543834686279284e-06,0.0,2.1481513977050783e-05,7.172425587972005e-07,0.0,-3.723303476969401e-06,6.991028785705567e-05,-7.005532582600912e-06,4.2319297790527347e-07,-1.0351339975992837e-06,0.0,-1.7845630645751952e-05
Lysine degradation,6.196896235148111e-06,7.748603820800781e-07,-2.3186206817626952e-06,-2.6289621988932288e-05,-2.658367156982422e-06,2.4557113647460943e-06,1.1157989501953126e-05,1.0730822881062825e-05,-8.233388264973956e-06,1.7078717549641925e-05,2.284844716389974e-06,-1.3583898544311524e-05,-3.91542911529541e-05,0.0,-2.8616189956665044e-05,-3.556410471598307e-07,0.0,-2.483526865641276e-06,-3.7451585133870445e-05,4.682938257853191e-06,0.0,1.2514988581339518e-05,0.0,-6.934007008870441e-07
Arginine and proline metabolism,3.7785371144612634e-05,2.8431415557861326e-06,1.325805981953939e-05,-4.6487649281819665e-05,-1.5477339426676431e-06,2.108017603556315e-06,-4.112720489501954e-07,2.6516119639078773e-05,1.370708147684733e-05,-5.69462776184082e-05,4.736582438151043e-06,2.1825234095255535e-05,-6.534854571024578e-05,0.0,1.718600591023763e-05,-3.5762786865234375e-07,0.0,7.704893747965496e-06,-7.927417755126953e-05,-2.4855136871337892e-06,1.2695789337158204e-06,1.8767515818277992e-05,0.0,6.319880485534668e-05
Histidine metabolism,1.2860695521036783e-05,6.196896235148111e-06,7.3730945587158205e-06,3.3450126647949215e-05,-8.881092071533203e-07,-3.5345554351806634e-05,1.6589959462483723e-06,-6.298224131266274e-07,1.6242265701293945e-05,7.514556248982747e-05,1.2089808781941732e-05,2.7418136596679688e-06,-9.337862332661946e-05,0.0,-1.7885367075602213e-05,6.447235743204753e-06,0.0,9.934107462565105e-07,0.00010424057642618816,-1.5109777450561523e-05,-3.814697265625e-06,1.7207860946655273e-05,0.0,2.3462375005086266e-05
Tyrosine metabolism,2.1433830261230473e-05,-2.582867940266927e-07,1.4225641886393229e-05,3.618995348612467e-05,-2.4358431498209636e-06,-1.5751520792643228e-05,-3.635088602701823e-05,2.4364391962687174e-05,4.249811172485351e-06,1.2757380803426105e-05,3.862380981445312e-06,-5.650122960408529e-05,1.179973284403483e-05,0.0,-2.4686257044474285e-05,3.939867019653321e-06,0.0,-4.907449086507162e-07,6.367166837056479e-05,-6.1492125193278e-06,-4.2319297790527347e-07,5.731980005900065e-06,3.9339065551757816e-07,-5.942583084106445e-06
Phenylalanine metabolism,3.064870834350586e-05,-2.8391679128011067e-06,3.634691238403321e-05,-8.361736933390299e-05,-1.5477339426676431e-06,-3.84986400604248e-05,-7.808605829874674e-05,-3.226002057393392e-05,-8.165836334228512e-07,1.2868642807006836e-05,1.2264649073282877e-05,-9.338855743408204e-05,-3.6557515462239585e-06,0.0,-4.543264706929524e-05,6.085634231567383e-06,0.0,-4.470348358154297e-06,0.00011360843976338706,-2.2975603739420575e-05,-8.50359598795573e-07,5.221366882324219e-06,2.622604370117187e-07,-2.437829971313475e-06
Tryptophan metabolism,-8.662541707356775e-07,3.6160151163736978e-06,3.8127104441324875e-06,3.0078490575154625e-05,-3.1014283498128254e-06,2.0660956700642907e-05,-1.643101374308268e-06,-2.1080176035563152e-05,-3.5385290781656893e-06,2.8381745020548497e-05,1.05897585550944e-06,-3.075003623962402e-05,-3.522634506225586e-05,0.0,1.0744730631510416e-05,5.018711090087891e-06,0.0,-4.718701044718425e-06,-1.9979476928710937e-05,-2.9583772023518876e-06,-1.2695789337158204e-06,-1.986821492512908e-09,2.622604370117187e-07,-2.3448467254638674e-05
beta-Alanine metabolism,5.882978439331055e-06,2.3225943247477215e-06,6.477038065592449e-07,9.297728538513183e-05,-2.43981679280599e-06,2.206166585286458e-05,-8.185704549153643e-07,-5.682309468587267e-07,3.200769424438476e-06,5.630850791931152e-05,2.662142117818197e-05,-2.3134549458821618e-05,-6.875197092692057e-05,0.0,2.112587292989095e-05,6.091594696044922e-06,0.0,1.7404556274414062e-06,-6.868441899617514e-06,7.953246434529623e-06,-8.463859558105469e-07,1.3037522633870444e-05,0.0,2.521872520446777e-05
Taurine and hypotaurine metabolism,2.231200536092126e-06,4.649162292480469e-06,-1.3530254364013671e-06,0.0002886136372884115,2.4378299713134765e-06,0.00014458497365315754,4.958907763163248e-05,-8.459885915120446e-06,9.079774220784506e-07,-3.0895074208577518e-06,2.8723478317260737e-05,3.0990441640218096e-05,4.4808785120646165e-05,0.0,0.00010843674341837565,3.6160151163736983e-07,0.0,-4.907449086507161e-07,0.00012109478314717611,4.0590763092041016e-05,-1.2695789337158204e-06,2.2423267364501952e-05,1.3113021850585936e-07,-3.289182980855306e-05
Selenocompound metabolism,9.850660959879558e-06,-1.0331471761067708e-06,2.3285547892252605e-05,0.00011591315269470214,-4.430611928304036e-06,0.00010713140169779459,-1.4042854309082033e-05,-5.491971969604493e-05,-4.396835962931315e-06,6.427963574727375e-05,-6.812810897827148e-06,-6.316105524698894e-05,-3.5486618677775066e-05,0.0,-3.363092740376791e-05,3.596146901448568e-07,0.0,-5.459785461425782e-06,1.4982620875040689e-05,1.792311668395996e-05,4.2319297790527347e-07,-5.213419596354166e-06,2.622604370117187e-07,-5.284547805786132e-05
Glutathione metabolism,1.0486443837483722e-05,1.8080075581868489e-06,-4.525979359944662e-06,3.596941630045573e-05,3.985563913981119e-06,5.496939023335774e-05,2.9756625493367514e-05,-8.70823860168457e-06,8.445978164672853e-06,2.550085385640462e-05,7.5340270996093745e-06,2.3367007573445636e-05,6.209015846252442e-05,0.0,-1.1084477106730145e-05,-3.5762786865234375e-07,0.0,1.4940897623697917e-06,6.740887959798176e-05,1.5892585118611653e-05,0.0,3.651777903238932e-06,6.556510925292969e-07,1.6117095947265627e-05
Starch and sucrose metabolism,3.746747970581055e-05,-3.0994415283203125e-06,8.215506871541342e-06,-3.0501683553059893e-05,2.8828779856363933e-06,6.756981213887533e-05,2.4815400441487617e-06,4.57008679707845e-05,2.463658650716146e-06,2.993146578470866e-05,3.6432345708211264e-05,1.215537389119466e-05,8.239746093750002e-05,0.0,1.0383129119873048e-05,2.1517276763916016e-06,0.0,6.222724914550781e-06,0.00011048515637715657,1.0442733764648435e-05,-1.986821492513021e-09,1.9288063049316408e-05,0.0,3.046989440917969e-05
N-Glycan biosynthesis,1.4138221740722654e-05,1.9371509552001953e-06,-1.0480483373006185e-05,-6.56286875406901e-05,-3.7630399068196614e-06,6.581942240397135e-05,3.388722737630208e-05,-5.5531660715738935e-06,4.128615061442056e-06,6.6832701365153e-05,5.088249842325846e-06,5.4041544596354164e-05,0.00010505119959513345,0.0,1.718600591023763e-05,-3.5762786865234375e-07,0.0,1.2437502543131509e-06,1.435677210489909e-05,2.103845278422038e-05,4.2319297790527347e-07,2.815127372741699e-05,0.0,7.17759132385254e-05
Other glycan degradation,3.975629806518555e-06,5.165735880533854e-07,-2.4121999740600585e-05,-2.733866373697917e-06,-2.4358431498209636e-06,-6.195306777954102e-05,2.2315979003906252e-05,1.1610984802246096e-05,-2.6067097981770825e-06,-2.7694304784139e-05,2.242128054300944e-05,3.797411918640137e-05,3.9301315943400066e-05,0.0,-1.2518962224324542e-05,6.810824076334635e-06,0.0,2.2411346435546876e-06,0.00010861357053120931,-1.907944679260254e-05,-1.986821492513021e-09,1.876552899678548e-05,0.0,5.1470597585042316e-05
Mucin type O-glycan biosynthesis,4.927317301432292e-06,-9.040037790934244e-07,-6.341934204101564e-06,5.175073941548665e-05,2.660353978474935e-06,-2.1338462829589844e-05,6.777445475260416e-05,-4.14113203684489e-05,1.871387163798014e-05,0.00012677907943725586,1.262029012044271e-05,6.621678670247396e-05,4.5200188954671226e-05,0.0,-1.6452868779500327e-05,4.659096399943034e-06,0.0,-1.235802968343099e-06,0.0001498123009999593,-1.5536944071451823e-06,-1.69674555460612e-06,1.7722447713216145e-05,0.0,4.8667192459106445e-05
Various types of N-glycan biosynthesis,1.7583370208740234e-06,1.9371509552001953e-06,-4.522005716959636e-06,-6.247560183207194e-05,-3.987550735473633e-06,5.916754404703776e-05,3.719329833984375e-05,7.955233256022137e-06,1.2218952178955078e-05,5.630254745483398e-05,3.163019816080729e-06,6.250143051147462e-05,0.00011356671651204427,0.0,-5.714098612467448e-06,2.505381902058919e-06,0.0,4.986921946207682e-07,-1.3105074564615879e-05,1.4960765838623047e-05,4.2319297790527347e-07,2.7632713317871092e-05,0.0,5.864699681599935e-05
Other types of O-glycan biosynthesis,1.2387832005818685e-05,1.0331471761067708e-06,-3.294150034586588e-06,1.7462174097696945e-05,-2.245108286539716e-07,2.2234519322713214e-05,1.239776611328125e-05,-1.1867284774780275e-05,1.5435616175333657e-05,8.245309193929035e-05,-1.1195739110310875e-05,9.342034657796223e-06,1.5203158060709637e-05,0.0,6.808837254842123e-06,3.5762786865234375e-07,0.0,-1.7384688059488933e-06,1.497666041056315e-05,4.674990971883138e-06,-4.2319297790527347e-07,2.658565839131673e-05,0.0,4.936854044596355e-05
Mannose type O-glycan biosynthesis,-6.65585199991862e-06,2.0643075307210286e-06,-5.686283111572267e-06,-5.046526590983073e-06,6.616115570068359e-07,-2.3096799850463864e-05,2.47955322265625e-05,-3.5476684570312496e-05,-8.60889752705892e-06,-4.5196215311686204e-05,8.060534795125325e-06,-4.74850336710612e-06,6.1670939127604185e-06,0.0,-6.784995396931966e-06,1.0748704274495444e-06,0.0,4.7246615091959635e-06,0.00011985103289286295,-7.166465123494466e-06,-8.463859558105469e-07,2.7114152908325197e-05,0.0,3.501574198404948e-05
Amino sugar and nucleotide sugar metabolism,1.8890698750813802e-05,-1.4205773671468098e-06,5.781650543212884e-07,-5.0067901611328125e-05,-1.7742315928141275e-06,-5.596876144409179e-06,-4.13060188293457e-05,8.209546407063801e-06,-1.9470850626627628e-07,-6.46968682607015e-05,2.111991246541341e-06,2.9005606969197594e-05,1.3766686121622723e-05,0.0,1.5038251876831052e-05,2.5073687235514325e-06,0.0,2.2411346435546876e-06,-5.306402842203775e-05,-8.56320063273112e-06,1.2675921122233072e-06,1.5642245610555013e-05,0.0,-1.1545419692993162e-05
Glycosaminoglycan degradation,1.6834338506062826e-05,3.874301910400391e-06,2.980232238769531e-06,-8.9186429977417e-05,2.8828779856363933e-06,-1.68005625406901e-05,4.961093266805014e-06,-2.6383002599080396e-05,-2.606709798177083e-06,1.0550022125244136e-05,2.277096112569173e-05,-5.648533503214517e-06,0.00011474688847859701,0.0,-3.4703811009724936e-05,3.224611282348633e-06,0.0,9.993712107340494e-07,-1.2487173080444331e-05,-1.6667445500691728e-05,-1.986821492513021e-09,6.2565008799235036e-06,6.477038065592448e-07,1.156131426493327e-05
Glycosaminoglycan biosynthesis - chondroitin sulfate / dermatan sulfate,1.7629067103068033e-05,1.9371509552001953e-06,-9.51091448465983e-06,-3.0289093653361004e-05,-4.875659942626953e-06,5.1116943359375e-05,-5.1637490590413414e-05,3.3962726593017575e-05,-7.802248001098633e-06,-9.373029073079426e-05,2.457698186238607e-06,3.2907724380493165e-05,-2.435048421223958e-05,0.0,-1.9313891728719077e-05,2.1517276763916016e-06,0.0,-2.384185791015625e-07,5.992452303568523e-05,9.038050969441731e-06,-1.986821492513021e-09,1.3047456741333008e-05,1.3113021850585936e-07,-6.23007615407308e-05
Glycosaminoglycan biosynthesis - keratan sulfate,3.159046173095703e-05,-2.3166338602701827e-06,9.119510650634764e-06,-2.7769804000854498e-05,-3.765026728312174e-06,-3.325343132019043e-05,3.3471981684366865e-05,9.979804356892902e-06,1.3645490010579426e-05,-1.7940998077392578e-05,5.259116490681966e-06,6.6518783569335926e-06,-2.7364492416381834e-05,0.0,5.547404289245605e-05,-7.132689158121745e-07,0.0,1.7484029134114583e-06,7.178783416748046e-05,-1.0901689529418946e-05,2.115964889526367e-06,3.5981337229410805e-05,0.0,7.352232933044434e-05
Glycosaminoglycan biosynthesis - heparan sulfate / heparin,-1.2840827306111656e-05,4.384915033976237e-06,-5.952517191569011e-06,-0.00010433594385782879,-3.3239523569742842e-06,3.605882326761882e-05,-1.2338161468505855e-06,-1.5777349472045898e-05,1.0186433792114258e-05,3.812710444132487e-05,3.6835670471191413e-06,-4.817048708597819e-05,-6.835659344991048e-05,0.0,-5.044738451639811e-05,-3.5762786865234375e-07,0.0,3.2305717468261716e-06,0.00020536979039510088,5.9286753336588534e-06,-4.251797993977865e-07,1.7724434534708656e-05,0.0,7.365147272745768e-06
Biosynthesis of various nucleotide sugars,1.016855239868164e-05,-6.457169850667318e-07,5.89291254679362e-06,8.456110954284667e-05,-3.3199787139892576e-06,-4.891554514567063e-06,-2.8916200002034508e-05,-5.996624628702799e-05,2.9832124710083008e-05,-4.276037216186523e-05,9.294350941975912e-06,2.9325485229492188e-05,9.836753209431964e-06,0.0,-9.653965632120768e-06,4.659096399943034e-06,0.0,1.247723897298177e-06,-3.059109052022298e-05,-1.2777249018351239e-05,8.463859558105469e-07,2.0851691563924153e-05,0.0,4.206101099650065e-06
Glycerolipid metabolism,-3.480911254882813e-06,-1.1622905731201172e-06,2.4616718292236326e-06,-2.7132034301757815e-05,1.988808314005534e-06,-1.7495950063069663e-05,2.6035308837890622e-05,-2.1839141845703127e-05,1.0989109675089519e-05,-6.780624389648438e-05,1.314083735148112e-05,-1.422564188639321e-06,3.5464763641357435e-06,0.0,2.720753351847331e-05,-2.5033950805664062e-06,0.0,-4.470348358154297e-06,-1.2437502543131538e-06,-8.404254913330076e-06,0.0,1.6683340072631838e-05,1.3113021850585936e-07,-3.1499067942301434e-05
Inositol phosphate metabolism,-9.355942408243815e-06,4.132588704427083e-06,9.040037790934244e-07,-3.0708312988281246e-05,1.9868214925130138e-09,4.4465065002441406e-05,1.9425153732299803e-05,7.0730845133463544e-06,-5.5730342864990234e-06,-0.0001056989034016927,-3.677606582641602e-06,2.2280216217041016e-05,4.440744717915853e-05,0.0,9.673833847045897e-06,5.3763389587402345e-06,0.0,-1.4881292978922527e-06,-2.0595391591389976e-05,1.426537831624349e-05,0.0,1.5119711558024088e-05,0.0,2.6265780131022137e-05
Glycosylphosphatidylinositol (GPI)-anchor biosynthesis,1.92105770111084e-05,2.562999725341798e-07,1.022020975748698e-05,-0.00012853145599365235,1.990795135498047e-06,7.702310880025228e-05,-2.1888812383015955e-05,-1.691778500874837e-05,1.790920893351237e-05,-2.9238065083821613e-05,-5.247195561726889e-06,3.35534413655599e-05,-1.2693802515665692e-05,0.0,1.3248125712076822e-05,2.5093555450439454e-06,0.0,-2.9802322387695312e-06,5.992650985717773e-05,2.5554498036702475e-05,-8.503595987955729e-07,1.929004987080892e-05,0.0,-1.3991196950276694e-05
Glycerophospholipid metabolism,1.286466916402181e-05,-2.582867940266927e-07,2.3345152537027993e-06,-7.57575035095215e-06,-2.2192796071370443e-06,9.80099042256673e-06,9.091695149739583e-06,-5.177656809488932e-06,1.5258789062499994e-06,-5.650122960408528e-05,1.3490517934163412e-05,-2.445777257283529e-06,-8.630752563476561e-06,0.0,1.0031461715698241e-05,-1.0728836059570312e-06,0.0,4.237890243530274e-06,9.613434473673503e-05,2.1855036417643228e-06,2.962350845336914e-06,1.9288063049316404e-05,2.622604370117187e-07,-3.674825032552083e-05
Ether lipid metabolism,4.3338537216186525e-05,1.1622905731201172e-06,1.231829325358073e-06,0.00015020171801249186,-8.861223856608072e-07,1.75635019938151e-06,2.0662943522135418e-05,-1.7551581064860028e-05,-1.3132890065511067e-06,-3.434419631958008e-05,-2.4497509002685548e-06,9.473164876302084e-06,-5.094408988952636e-05,0.0,1.8980105717976888e-05,-3.5762786865234375e-07,0.0,2.004702885945638e-06,2.3720661799112958e-05,2.0325183868408204e-06,2.115964889526367e-06,3.0239423116048176e-05,1.3113021850585936e-07,-6.874402364095056e-07
Arachidonic acid metabolism,4.0084123611450195e-05,2.4537245432535806e-06,2.6132663091023756e-05,4.039406776428222e-05,-1.3291835784912108e-06,3.711779912312825e-05,2.8928120930989582e-05,-6.441275278727213e-06,-3.35375467936198e-06,-5.893707275390626e-05,-1.0321537653605143e-05,1.3824303944905597e-05,9.051760037740071e-05,0.0,6.089607874552409e-06,1.0728836059570312e-06,0.0,1.2576580047607425e-06,8.116165796915688e-06,6.0836474100748696e-06,2.962350845336914e-06,1.5642245610555013e-05,1.3113021850585936e-07,3.239115079243978e-05
Linoleic acid metabolism,6.031592686971029e-05,2.9683113098144534e-06,2.4511416753133136e-05,8.056958516438802e-05,-2.8789043426513666e-06,1.2254714965820312e-05,3.140767415364584e-05,-2.7521451314290362e-05,1.0422865549723308e-05,-1.5274683634440103e-05,3.68356704711914e-06,4.724661509195965e-06,5.3318341573079425e-05,0.0,5.960464477538724e-09,1.434485117594401e-06,0.0,5.165735880533854e-07,1.248518625895182e-05,1.0967254638671876e-06,3.385543823242187e-06,2.1378199259440105e-05,1.3113021850585936e-07,-2.0819902420043946e-05
alpha-Linolenic acid metabolism,4.016757011413574e-05,2.8411547342936197e-06,-1.3250112533569335e-05,0.00010034441947937012,-3.98556391398112e-06,4.911422729492189e-06,4.3392181396484375e-05,6.562471389770508e-06,7.712841033935547e-06,-3.411769866943359e-05,-9.455283482869466e-06,1.266797383626302e-05,7.924834887186686e-05,0.0,-2.141793568929037e-06,1.986821492513049e-09,0.0,1.589457194010439e-08,2.246697743733724e-05,-3.26832135518392e-06,3.808736801147461e-06,1.7726421356201174e-05,1.3113021850585936e-07,-5.12699286142985e-05
Sphingolipid metabolism,-7.923444112141927e-06,-3.8743019104003906e-07,-1.2934207916259766e-05,-9.487469991048177e-05,-2.8808911641438803e-06,-1.3645490010579426e-05,5.789597829182942e-06,8.20755958557129e-06,3.3199787139892576e-06,-7.445017496744791e-05,7.881720860799153e-06,6.70492649078369e-05,7.695357004801433e-05,0.0,7.160504659016927e-06,-3.5762786865234375e-07,0.0,-9.894371032714842e-07,2.559224764506022e-05,-4.5160452524820955e-06,-8.503595987955729e-07,5.21540641784668e-06,0.0,-2.2391478220621746e-05
Glycosphingolipid biosynthesis - lacto and neolacto series,-6.018082300821939e-06,-1.8080075581868489e-06,6.022055943806967e-06,1.6623735427856447e-05,2.1855036417643228e-07,-6.953875223795573e-07,4.091262817382813e-05,-1.3260046641031898e-05,-6.99162483215332e-06,-0.00010747313499450684,8.591016133626303e-06,-3.5874048868815105e-05,-1.1124213536580405e-05,0.0,1.0385115941365559e-05,5.731980005900065e-06,0.0,1.7444292704264322e-06,8.551677068074546e-05,-6.073713302612304e-06,3.3855438232421878e-06,3.389120101928711e-05,0.0,5.4792563120524094e-05
Glycosphingolipid biosynthesis - globo and isoglobo series,6.351868311564128e-06,0.0,6.4055124918619784e-06,-4.795591036478678e-05,3.0994415283203125e-06,-2.309878667195638e-05,3.182291984558105e-05,-3.409385681152343e-06,4.313389460245769e-06,4.566510518391927e-05,-4.190206527709961e-06,-7.446606953938803e-06,-1.4527638753255204e-05,0.0,-2.21709410349528e-05,-2.1457672119140625e-06,0.0,7.589658101399737e-07,0.00011610587437947592,-1.6039609909057615e-05,8.463859558105467e-07,5.731980005900066e-06,0.0,6.56445821126302e-05
Glycosphingolipid biosynthesis - ganglio series,-1.0301669438680014e-05,2.066294352213541e-06,-2.8322140375773113e-05,3.159046173095703e-06,2.2172927856445314e-06,-4.2702754338582354e-05,5.41369120279948e-05,-3.4970045089721676e-05,-1.1197725931803386e-05,-1.319249471028643e-06,4.6765804290771486e-05,5.737741788228353e-05,0.00010165174802144369,0.0,-1.93178653717041e-05,4.30146853129069e-06,0.0,-1.4881292978922527e-06,3.371040026346843e-05,2.1855036417643236e-06,-3.816684087117513e-06,9.38574473063151e-06,2.602736155192057e-07,7.877548535664876e-05
Pyruvate metabolism,8.265177408854166e-06,-1.8080075581868489e-06,-4.782279332478841e-06,2.9029448827107746e-05,-4.428625106811523e-06,-1.7152229944864905e-05,9.091695149739583e-06,1.9317865371704103e-05,1.7086664835611995e-07,3.5029649734497066e-05,-1.03910764058431e-06,9.079774220784506e-06,-4.317363103230794e-06,0.0,1.754164695739746e-05,-3.5762786865234375e-07,0.0,-1.4881292978922527e-06,-5.618135134379069e-05,-4.6690305074055995e-06,0.0,1.9290049870808915e-05,0.0,-7.687012354532878e-06
Glyoxylate and dicarboxylate metabolism,-4.591544469197589e-06,-7.748603820800781e-07,-2.320607503255208e-06,-7.109840710957845e-05,-1.7702579498291015e-06,3.360708554585775e-05,2.6448567708333334e-05,2.4871031443277994e-05,1.0428826014200846e-05,-0.00010347763697306316,1.0681152343750001e-05,-1.3524293899536133e-05,2.056956291198731e-05,0.0,2.1479527155558272e-05,3.5822391510009766e-06,0.0,-1.9788742065429685e-06,-5.992650985717774e-05,3.2782554626464844e-06,4.231929779052735e-07,9.902318318684895e-06,0.0,9.810924530029297e-06
Propanoate metabolism,-1.10467274983724e-06,3.2265981038411454e-06,-1.603960990905762e-05,5.0902366638183594e-05,-3.0994415283203125e-06,1.3307730356852213e-05,4.958709081013997e-05,-4.541873931884768e-06,-6.747245788574219e-06,3.2593806584676095e-05,8.76585642496745e-06,9.850660959879556e-06,4.519422849019368e-05,0.0,3.941853841145832e-06,6.095568339029948e-06,0.0,0.0,-6.864468256632487e-06,2.3404757181803385e-06,1.690785090128581e-06,1.3039509455362955e-05,1.2914339701334635e-07,-4.543860753377279e-06
Butanoate metabolism,-4.0700038274129234e-05,2.9702981313069663e-06,-9.502967198689779e-06,0.00012158751487731933,2.2053718566894548e-07,8.056561152140299e-06,1.4879306157430013e-05,-4.696448644002279e-05,-7.983048756917316e-06,2.7714172999064126e-05,-1.4700492223103842e-05,4.316171010335286e-05,-1.138448715209961e-05,0.0,9.340842564900715e-05,-5.7220458984375e-06,0.0,-2.9802322387695312e-06,-7.492303848266602e-06,-1.007318496704102e-06,4.2319297790527347e-07,5.735953648885091e-06,0.0,2.3810068766276043e-05
One carbon pool by folate,-1.4907121658325195e-05,-9.000301361083986e-07,-1.681645711263021e-05,-1.9351641337076824e-05,1.9927819569905597e-06,3.606478373209636e-05,-2.230405807495117e-05,-1.3128916422526042e-05,2.0921230316162114e-06,9.309053421020508e-05,1.9619862238566082e-05,-5.291302998860678e-05,-1.7805894215901694e-05,0.0,1.2536843617757162e-05,6.449222564697266e-06,0.0,-5.712111790974935e-06,-2.8719504674275715e-05,5.141894022623698e-06,4.2319297790527336e-07,-9.381771087646485e-06,0.0,8.542537689208985e-05
Thiamine metabolism,-2.824068069458008e-05,4.3869018554687505e-06,3.6732355753580735e-05,-0.00019773443539937335,5.320707956949869e-06,6.896654764811198e-05,1.3228257497151691e-05,5.050500233968099e-06,2.4596850077311197e-06,2.0623207092285156e-05,-2.3102760314941404e-05,-5.739728609720866e-05,-3.9801994959513345e-05,0.0,-2.324978510538737e-05,-3.5762786865234375e-06,0.0,-4.718701044718425e-06,9.612441062927245e-05,2.1036465962727868e-05,-2.551078796386719e-06,5.74191411336263e-06,0.0,-2.029736836751302e-05
Nicotinate and nicotinamide metabolism,7.945299148559571e-06,-2.4537245432535806e-06,7.76052474975586e-06,-8.351405461629231e-05,-1.1106332143147786e-06,1.785755157470703e-05,2.769033114115397e-05,-3.219445546468099e-05,3.079573313395182e-06,3.5472710927327474e-05,-1.708666483561197e-07,-2.6653210322062176e-05,4.5982996622721356e-05,0.0,-2.969106038411458e-05,5.374352137247722e-06,0.0,2.2431214650472005e-06,-0.00010112325350443522,1.3720989227294923e-05,0.0,1.5596548716227214e-06,0.0,-1.738468805948892e-06
Pantothenate and CoA biosynthesis,1.6518433888753258e-05,-1.0311603546142579e-06,-2.0702679951985673e-06,7.531841595967611e-05,2.884864807128906e-06,7.421573003133137e-05,-6.61015510559082e-06,1.8308560053507488e-05,1.5497207641601566e-05,2.882480621337891e-05,3.4155448277791346e-05,5.392034848531087e-05,-7.579723993937175e-06,0.0,-2.074440320332845e-05,3.5822391510009766e-06,0.0,-1.4901161193847656e-06,-3.125270207722982e-06,2.291003863016764e-05,-1.2715657552083333e-06,1.2513001759847004e-05,1.2914339701334635e-07,5.076527595520019e-05
Lipoic acid metabolism,-1.3800462086995443e-05,4.772345225016276e-06,1.772046089172363e-05,-0.00011863708496093749,3.3239523569742842e-06,0.00015928943951924642,4.256566365559896e-05,1.464684804280599e-05,1.1728207270304361e-05,4.344781239827474e-05,-1.9957621892293293e-05,-2.9152631759643553e-05,6.423393885294598e-06,0.0,6.449222564697266e-06,2.868970235188802e-06,0.0,1.247723897298177e-06,9.051163991292319e-05,3.069639205932617e-05,-2.1219253540039063e-06,1.0949373245239259e-05,0.0,5.496939023335774e-05
Folate biosynthesis,-6.502866744995116e-06,3.8743019104003906e-07,-3.201564153035482e-05,-0.00018532474835713706,1.1106332143147786e-06,-6.995598475138344e-06,-1.4044841130574544e-05,-2.512335777282715e-05,1.7168124516805015e-05,-5.272626876831055e-05,-4.7246615091959635e-06,3.4550825754801438e-06,-9.423494338989261e-06,0.0,-3.50654125213623e-05,8.241335550944011e-06,0.0,-4.887580871582032e-07,0.00011298457781473797,-1.3864040374755859e-05,-3.3974647521972656e-06,2.189874649047851e-05,0.0,2.8113524119059256e-06
Retinol metabolism,1.5401840209960936e-05,-2.7120113372802734e-06,2.742211023966471e-05,-1.3675292332967121e-05,1.1086463928222655e-06,1.8558899561564125e-05,1.2417634328206377e-06,1.2749433517456053e-05,1.314679781595866e-05,3.9462248484293616e-05,-6.467103958129882e-06,-1.3969341913859052e-05,1.5199184417724611e-05,0.0,-1.4225641886393227e-06,-2.86102294921875e-06,0.0,-1.986821492513021e-06,2.3716688156127925e-05,1.3719002405802408e-05,0.0,1.9868214925134724e-09,0.0,8.41220219930013e-06
Porphyrin metabolism,-9.673833847045899e-06,-1.9371509552001953e-06,-3.938078880310059e-05,-8.960763613382975e-05,-4.4107437133789054e-07,-1.9598007202148438e-05,4.1325887044270836e-05,8.332729339599608e-06,3.489653269449869e-05,-4.1645765304565426e-05,-4.023313522338867e-06,9.210904439290364e-06,-9.419520696004235e-06,0.0,-3.112951914469401e-05,4.659096399943034e-06,0.0,-1.7364819844563804e-06,-4.494190216064453e-05,3.896156946818034e-06,4.2319297790527347e-07,6.260474522908528e-06,0.0,2.4692217508951822e-05
Terpenoid backbone biosynthesis,2.2230545679728192e-05,0.0,-1.7853577931722003e-05,1.6202529271443684e-05,-1.1086463928222657e-06,4.726847012837728e-05,4.9591064453125e-05,-1.3764699300130207e-05,4.669825236002604e-05,-7.223486900329589e-05,1.8080075581868534e-07,1.5278657277425126e-06,-1.2695789337158203e-05,0.0,-4.283587137858073e-06,-2.86102294921875e-06,0.0,1.5000502268473308e-06,-0.00011173486709594727,9.357929229736333e-07,-8.463859558105469e-07,3.38892141977946e-05,0.0,-4.725058873494467e-05
Nitrogen metabolism,-1.2689828872680664e-05,1.5497207641601562e-06,-1.2803077697753905e-05,8.750756581624348e-05,-7.309516270955404e-06,2.106030782063801e-06,2.520879109700521e-05,3.219445546468099e-05,1.846154530843099e-05,-8.37544600168864e-05,2.8028090794881186e-05,1.0170539220174152e-05,1.2322266896565756e-05,0.0,3.3295154571533204e-05,-3.5762786865234375e-07,0.0,2.743800481160482e-06,-1.986821492511214e-09,7.329384485880533e-06,-1.6927719116210939e-06,5.213419596354166e-06,0.0,8.962551752726235e-05
Sulfur metabolism,-5.5384635925292965e-05,1.5497207641601562e-06,-3.44693660736084e-05,-0.00012600421905517578,-2.6563803354899086e-06,7.106463114420573e-05,5.743702252705892e-05,-3.4972031911214194e-05,-2.4729967117309576e-05,6.937583287556967e-05,1.2797117233276368e-05,1.901388168334961e-05,4.035035769144694e-05,0.0,-6.441275278727214e-05,-2.5033950805664062e-06,0.0,-8.940696716308594e-06,-4.494388898213704e-05,1.5117724736531577e-05,0.0,-3.647804260253907e-06,0.0,-7.49051570892334e-05
Aminoacyl-tRNA biosynthesis,4.2974948883056646e-06,-1.2914339701334636e-06,1.6425053278605143e-05,-2.692540486653646e-05,-1.7742315928141278e-06,1.5060106913248697e-05,1.239776611328125e-05,-7.067124048868816e-06,-3.1034151713053383e-06,2.7495622634887696e-05,4.21603520711263e-06,7.92543093363444e-06,1.9655625025431318e-05,0.0,-1.4205773671468098e-06,1.0748704274495444e-06,0.0,-2.483526865641276e-06,1.3730923334757487e-05,-2.9544035593668618e-06,0.0,1.5638271967569984e-05,0.0,-1.1191765467325845e-05
Metabolism of xenobiotics by cytochrome P450,1.381635665893555e-05,-2.543131510416669e-07,1.2097756067911786e-05,-1.4513731002807612e-05,1.5497207641601562e-06,4.5512119928995765e-05,-5.779663721720377e-06,2.146760622660319e-05,2.019802729288737e-05,-6.186962127685544e-06,1.0857979456583658e-05,-3.4085909525553386e-05,3.131429354349772e-05,0.0,-1.3585885365804035e-05,1.0728836059570312e-06,0.0,2.982219060262044e-06,4.494190216064453e-05,1.045068105061849e-05,1.2695789337158204e-06,4.1743119557698575e-06,0.0,-8.74002774556478e-06
Drug metabolism - cytochrome P450,7.784366607666015e-06,-1.2715657552083344e-07,1.4487902323404946e-05,7.867415746053059e-05,3.1014283498128254e-06,5.6362152099609376e-05,-8.257230122884114e-06,1.0093053181966146e-05,1.6484657923380534e-05,6.214777628580726e-06,1.1563301086425781e-05,-1.217325528462728e-05,6.195306777954101e-05,0.0,-1.3941526412963868e-05,1.434485117594401e-06,0.0,1.4901161193847656e-06,-1.1235475540161131e-05,8.573134740193685e-06,1.6927719116210939e-06,1.0450681050618488e-06,2.622604370117187e-07,-6.28829002380371e-06
Drug metabolism - other enzymes,1.7150243123372397e-05,3.6160151163736978e-06,-1.1704365412394206e-05,5.679925282796224e-05,1.327196756998698e-06,4.0253003438313804e-05,2.520879109700521e-05,-1.742442448933919e-05,2.0068883895874023e-05,-2.7469793955485033e-05,2.206563949584961e-05,-1.691778500874837e-05,5.9604644775390625e-05,0.0,-4.639228185017903e-06,-1.0728836059570312e-06,0.0,2.9861927032470704e-06,-3.807942072550456e-05,1.683235168457031e-05,1.6927719116210939e-06,4.174311955769857e-06,0.0,-1.2179215749104811e-06
Biosynthesis of unsaturated fatty acids,-3.955761591593424e-06,-1.2914339701334635e-07,-1.558661460876465e-05,2.7418136596679688e-06,8.881092071533203e-07,-6.641944249471029e-06,8.267164230346677e-06,-4.037221272786459e-06,1.2407700220743815e-05,1.4857451121012367e-05,1.2791156768798828e-05,8.698304494222004e-06,-1.5972057978312173e-05,0.0,-7.033348083496096e-07,1.7901261647542317e-06,0.0,2.2391478220621747e-06,6.864468256632482e-06,3.5881996154785162e-06,-1.2715657552083333e-06,1.772443453470866e-05,0.0,6.6637992858886726e-06
ABC transporters,1.6989310582478843e-05,-5.165735880533854e-07,-6.987651189168293e-06,0.0001093904177347819,-5.982319513956706e-06,5.952119827270508e-05,3.723303476969401e-06,-7.398128509521485e-05,1.3208389282226562e-05,-1.217325528462728e-05,1.3490517934163412e-05,-3.8941701253255255e-07,3.589391708374023e-05,0.0,2.0764271418253578e-05,3.226598103841146e-06,0.0,3.739198048909505e-06,0.0002216001351674398,3.4292538960774743e-06,0.0,5.211432774861654e-06,0.0,7.072289784749349e-05
Ribosome biogenesis in eukaryotes,1.6198555628458658e-05,4.128615061442057e-06,3.9498011271158845e-06,5.953709284464518e-05,-8.861223856608073e-07,7.456938425699871e-05,1.7356872558593753e-05,2.7396281560262047e-05,1.3703107833862305e-05,-3.2786528269449866e-05,-3.153085708618164e-06,1.8564860026041665e-05,6.171067555745441e-06,0.0,3.507335980733236e-05,-3.5762786865234375e-07,0.0,3.735224405924479e-06,8.739034334818523e-05,1.7764170964558917e-05,0.0,4.690885543823242e-06,0.0,5.0413608551025395e-05
Nucleocytoplasmic transport,1.9693374633789065e-05,6.457169850667318e-07,-2.1318594614664713e-06,6.605386734008788e-05,-3.7670135498046872e-06,6.931821505228677e-05,2.4815400441487626e-06,1.0989109675089519e-05,4.496177037556966e-06,-9.07580057779948e-06,-4.374980926513672e-06,9.469191233317058e-06,-1.8719832102457682e-05,0.0,4.659096399943035e-06,-3.5762786865234375e-07,0.0,4.967053731282552e-07,0.00011173288027445475,2.1203358968098956e-05,-4.2319297790527347e-07,1.7726421356201174e-05,0.0,1.0609626770019527e-06
mRNA surveillance pathway,7.063150405883789e-06,7.748603820800781e-07,-5.841255187988284e-07,1.1994441350301108e-05,-3.9835770924886065e-06,5.846619606018067e-05,2.0249684651692706e-05,8.32676887512207e-06,1.8588701883951823e-05,4.765987396240234e-05,-4.202127456665039e-06,-4.23590342203776e-06,8.523464202880861e-06,0.0,5.3763389587402345e-06,-1.430511474609375e-06,0.0,7.470448811848957e-07,4.182656606038411e-05,1.8237034479777017e-05,0.0,1.5123685201009115e-05,0.0,1.5759468078613283e-05
RNA degradation,1.279513041178385e-06,-7.748603820800781e-07,3.1073888142903654e-06,-1.0470549265543584e-06,4.390875498453778e-07,2.206563949584961e-05,9.506940841674805e-06,1.79290771484375e-05,-2.5451183319091794e-06,-7.02381134033203e-05,3.5961469014485687e-07,-1.640717188517253e-05,2.5415420532226565e-05,0.0,-1.573363939921061e-05,2.1497408548990887e-06,0.0,-9.934107462565105e-07,-4.931489626566569e-05,9.820858637491863e-06,1.6927719116210939e-06,-4.680951436360677e-06,0.0,-1.6093254089355494e-07
RNA polymerase,-2.5224685668945315e-05,-1.8080075581868489e-06,-5.757808685302735e-06,2.1036465962727865e-05,6.675720214843751e-07,0.00010222593943277994,-1.2397766113281255e-06,-3.067851066589355e-05,5.175669987996419e-06,-1.649061838785806e-06,-5.070368448893229e-06,5.481243133544922e-05,1.3107061386108399e-05,0.0,1.3607740402221682e-05,4.295508066813151e-06,0.0,1.7484029134114583e-06,-1.2437502543131492e-06,2.7275085449218748e-05,8.463859558105467e-07,2.0855665206909182e-05,0.0,-1.2940168380737306e-05
Basal transcription factors,1.2735525767008468e-06,2.0643075307210286e-06,5.364418029785156e-06,-7.446805636088053e-05,6.616115570068359e-07,6.721019744873048e-05,-8.257230122884114e-06,3.117720286051432e-05,-4.523992538452149e-06,-5.1180521647135414e-05,8.060534795125325e-06,-1.333355903625488e-05,4.04814879099528e-05,0.0,1.796086629231771e-06,1.7940998077392577e-06,0.0,4.986921946207682e-07,-2.0603338877360027e-05,8.571147918701171e-06,-4.2319297790527347e-07,9.90430514017741e-06,0.0,6.932616233825684e-05
DNA replication,3.977616628011068e-06,1.1622905731201172e-06,2.4676322937011726e-06,0.00025852918624877933,-7.31348991394043e-06,3.973642985025816e-09,-7.843971252441408e-06,-2.7014811833699545e-05,4.13060188293457e-06,-6.852547327677407e-06,-1.0494391123453774e-05,-2.959569295247396e-05,-6.090005238850911e-05,0.0,4.9390395482381184e-05,7.192293802897136e-07,0.0,-1.7384688059488933e-06,-3.4332275390625e-05,-9.278456370035817e-07,-2.5391578674316407e-06,-4.680951436360678e-06,0.0,-4.444320996602376e-05
Proteasome,2.3661057154337567e-05,-5.165735880533854e-07,-6.979703903198243e-06,-5.25514284769694e-06,-1.1026859283447268e-06,-3.4928321838378916e-06,-1.6933679580688478e-05,-1.5654166539510094e-05,1.6792615254720053e-05,-3.477732340494792e-05,1.7881393432617188e-07,-3.1648079554239904e-05,2.3063023885091146e-05,0.0,-1.359383265177409e-05,3.226598103841146e-06,0.0,4.480282465616862e-06,2.2468964258829754e-05,-5.137920379638672e-06,0.0,8.338689804077149e-06,0.0,-2.4378299713134773e-06
Protein export,1.9371509552001953e-05,3.8743019104003906e-07,-2.5828679402669264e-06,-1.5562772750854497e-05,-4.42663828531901e-06,0.00010292530059814453,9.504954020182292e-06,-2.777576446533204e-06,-6.500879923502605e-06,-2.2816658020019532e-05,-1.0327498118082683e-05,1.1523564656575518e-05,-6.836255391438802e-05,0.0,1.0867913564046222e-06,2.864996592203776e-06,0.0,-9.894371032714842e-07,7.24037488301595e-05,1.8395980199178063e-05,8.463859558105469e-07,1.1994441350301108e-05,0.0,1.5064080556233725e-05
ATP-dependent chromatin remodeling,4.134575525919596e-06,1.2914339701334635e-07,-4.978974660237629e-06,1.1571248372395833e-05,-6.655851999918619e-07,4.096428553263347e-05,8.304913838704426e-07,2.779563268025716e-06,7.961193720499674e-06,-1.7714500427246093e-05,-1.031955083211263e-05,2.9065211613972985e-05,7.348457972208658e-05,0.0,1.7905235290527346e-05,0.0,0.0,-3.4769376118977866e-06,7.240573565165202e-05,1.2314319610595703e-05,0.0,-1.0410944620768228e-06,0.0,2.6617447535196936e-05
Polycomb repressive complex,-6.258487701416021e-07,7.748603820800781e-07,-3.4928321838378907e-06,2.545515696207682e-05,-6.655851999918619e-07,3.641049067179362e-05,-1.8171469370524092e-05,3.407398859659832e-06,3.6954879760742188e-06,-1.2618303298950196e-05,1.8874804178873697e-07,3.496011098225911e-05,3.2623608907063804e-05,0.0,-8.934736251831055e-06,7.152557373046875e-07,0.0,-2.483526865641276e-07,-1.9971529642740885e-05,1.1070569356282551e-05,0.0,2.554456392923991e-05,0.0,3.222028414408366e-05
Viral life cycle - HIV-1,-8.563200632731118e-06,1.9371509552001953e-06,-9.957949320475262e-06,2.2304058074951175e-05,-2.6543935139973957e-06,8.408228556315104e-06,4.1524569193522147e-07,4.923343658447266e-06,-3.5325686136881506e-06,2.771417299906413e-05,9.934107462565104e-09,1.657009124755859e-06,3.668069839477539e-05,0.0,1.3605753580729166e-05,1.0728836059570312e-06,0.0,2.9901663462320962e-06,1.623034477233886e-05,2.6543935139973957e-06,4.2319297790527347e-07,-1.5596548716227208e-06,0.0,-1.7493963241577145e-05
"Virion - Ebolavirus, Lyssavirus and Morbillivirus",1.810590426127116e-05,1.1622905731201172e-06,2.786914507548014e-05,-3.9122502009073894e-05,-6.6498915354410805e-06,2.5560458501180012e-05,9.920199712117513e-06,-1.3907750447591145e-06,4.064838091532389e-05,4.190206527709961e-05,5.424022674560547e-06,3.701051076253255e-05,-8.898973464965818e-06,0.0,-5.295276641845703e-05,-2.5014082590738933e-06,0.0,2.489487330118815e-06,0.00010049939155578614,1.1376539866129556e-05,-1.6927719116210935e-06,3.180305163065592e-05,0.0,-5.70535659790039e-05
Virion - Hepatitis viruses,1.730521519978841e-05,5.934635798136393e-06,-1.5326340993245442e-05,-4.204114278157548e-06,1.3291835784912108e-06,2.1708011627197265e-05,-4.126628239949544e-06,2.0833810170491535e-05,1.0371208190917969e-05,8.821487426757812e-05,3.643631935119629e-05,-1.6595919926961263e-05,-3.2663345336914057e-06,0.0,1.9689400990804042e-05,-3.5762786865234375e-06,0.0,3.238519032796224e-06,9.301304817199707e-05,8.106231689453125e-06,0.0,1.8254915873209635e-05,0.0,-3.289381663004557e-05
Virion - Lassa virus and SFTS virus,2.747178077697754e-05,3.4868717193603516e-06,4.402796427408854e-06,-3.259778022766113e-05,1.325209935506185e-06,4.561742146809894e-06,1.0748704274495443e-05,5.074938138326009e-05,-1.2616316477457682e-05,-1.5358130137125631e-06,-1.435081164042155e-05,-2.639889717102051e-05,9.182492891947428e-05,0.0,-7.863839467366537e-06,-5.0067901611328125e-06,0.0,-1.4881292978922527e-06,6.679693857828776e-05,-1.2397766113281246e-06,-8.503595987955729e-07,-1.5695889790852864e-06,0.0,-1.854697863260905e-05
PPAR signaling pathway,2.4300813674926757e-05,5.165735880533854e-07,6.600220998128255e-06,-2.7966499328613284e-05,-2.2053718566894535e-07,1.5060106913248697e-05,3.3100446065266926e-06,6.818771362304686e-06,-7.987022399902344e-06,-3.855228424072265e-05,-5.596876144409181e-06,1.2034177780151368e-05,5.816817283630371e-05,0.0,1.218120257059733e-05,2.505381902058919e-06,0.0,-4.867712656656901e-07,2.1221240361531577e-05,3.3517678578694658e-06,-4.2319297790527347e-07,1.2518962224324542e-05,0.0,1.6466776529947916e-05
Base excision repair,-3.163019816080729e-06,-1.5497207641601562e-06,1.1706352233886719e-05,0.0001262227694193522,-3.7650267283121743e-06,-7.345279057820636e-06,1.9868214925131904e-09,-2.537369728088379e-05,1.0923544565836588e-05,-1.1026859283447249e-06,-4.539887110392253e-06,-1.5058120091756184e-05,1.1140108108520508e-05,0.0,2.8749306996663416e-06,2.868970235188802e-06,0.0,-9.934107462565105e-07,2.122322718302409e-05,-1.0281801223754883e-05,-1.2695789337158204e-06,8.865197499593098e-06,0.0,2.3816029230753577e-05
Nucleotide excision repair,-9.038050969441731e-06,-3.8743019104003906e-07,-2.517302831013997e-06,0.0001053929328918457,-6.63598378499349e-07,9.312033653259277e-05,-1.528461774190267e-05,-1.5906492869059245e-05,2.7060508728027343e-06,-8.065104484558105e-05,-1.2946128845214845e-05,-1.0987122853597005e-06,9.568532307942712e-06,0.0,2.2198756535847982e-05,2.864996592203776e-06,0.0,3.4769376118977866e-06,1.560052235921224e-05,1.6518433888753255e-05,-4.2319297790527347e-07,7.822116216023762e-06,0.0,-1.6089280446370443e-05
Mismatch repair,2.9206275939941406e-05,5.165735880533854e-07,2.050002415974935e-05,0.00020720561345418295,-4.206101099650065e-06,1.3305743535359701e-05,-1.0323524475097654e-05,-8.839368820190429e-06,-1.931190490722657e-06,-4.143516222635906e-05,5.437930425008138e-06,-3.3438205718994133e-06,-5.591710408528645e-05,0.0,6.093581517537436e-06,1.0728836059570312e-06,0.0,-9.894371032714842e-07,-1.9977490107218426e-05,2.65041987101237e-06,-2.962350845336914e-06,7.299582163492838e-06,0.0,-3.4298499425252275e-05
Homologous recombination,-1.2596448262532548e-06,9.040037790934244e-07,1.0283788045247396e-05,0.00012515981992085776,2.4398167928059894e-06,2.1010637283325195e-05,8.267164230346679e-06,-3.534952799479166e-05,-1.0013580322265625e-06,8.434057235717772e-06,-1.5226999918619792e-05,-2.3146470387776694e-06,7.452964782714843e-05,0.0,2.828041712443034e-05,-1.7881393432617188e-06,0.0,-2.9802322387695312e-06,2.7461846669514978e-05,4.2120615641276044e-06,-4.2319297790527347e-07,9.904305140177408e-06,0.0,-1.9598007202148438e-05
Non-homologous end-joining,8.736054102579752e-06,5.809466044108072e-06,-6.357828776041644e-08,0.00017860134442647296,-2.6623407999674478e-06,2.975662549336751e-05,-2.05834706624349e-06,-5.5297215779622404e-05,5.735953648885092e-06,-0.00012497504552205402,7.005532582600912e-06,-5.131959915161132e-06,-2.068877220153809e-05,0.0,-3.792047500610352e-05,-7.112820943196614e-07,0.0,7.464488347371419e-06,0.00010985732078552244,2.4934609731038417e-06,-3.3895174662272136e-06,2.242128054300944e-05,0.0,-3.77953052520752e-05
Fanconi anemia pathway,4.867712656656901e-07,2.9702981313069663e-06,4.470348358154296e-06,9.634892145792642e-05,-3.3179918924967447e-06,5.111495653788248e-05,-6.610155105590819e-06,-2.676248550415039e-05,-3.415346145629883e-06,-4.320343335469564e-05,8.861223856608072e-07,3.256400426228842e-06,2.0708640416463216e-05,0.0,4.661083221435547e-06,-1.0728836059570312e-06,0.0,5.960464477539006e-09,2.122521400451661e-05,6.8624814351399735e-06,4.2319297790527347e-07,8.859237035115561e-06,0.0,-2.274314562479655e-05
ErbB signaling pathway,9.636084238688152e-07,-9.040037790934244e-07,-7.049242655436198e-06,1.7881393432617188e-05,2.65041987101237e-06,1.8207232157389325e-05,3.3060709635416668e-06,2.625584602355957e-05,1.0985136032104491e-05,1.8630425135294596e-05,3.331899642944336e-06,-2.3833910624186195e-05,-3.365278244018555e-05,0.0,-2.5039911270141606e-05,3.5822391510009766e-06,0.0,1.7503897349039712e-06,0.00010112126668294272,8.422136306762694e-06,0.0,1.0947386423746744e-05,0.0,-5.106131235758469e-07
Viral protein interaction with cytokine and cytokine receptor,1.540382703145345e-05,-3.8743019104003906e-07,-5.620718002319336e-06,-1.3248125712076822e-05,-2.656380335489909e-06,5.776882171630859e-05,2.0702679951985678e-06,-4.416704177856444e-06,1.8151601155598957e-05,-6.84658686319987e-05,-7.873773574829101e-06,9.274482727050781e-06,6.039142608642579e-05,0.0,1.396934191385905e-05,4.2994817097981775e-06,0.0,2.582867940266927e-07,-3.5579999287923174e-05,1.9482771555582686e-05,0.0,1.0426839192708335e-05,0.0,8.759895960489909e-06
NF-kappa B signaling pathway,2.1751721700032552e-05,2.5828679402669272e-06,-2.107818921407064e-05,-1.535614331563314e-05,-8.841355641682943e-07,-4.893541336059572e-06,7.029374440511067e-06,-1.7925103505452475e-05,8.827447891235351e-06,-3.6553541819254556e-05,-9.967883427937825e-06,1.6518433888753255e-05,2.6861826578776043e-05,0.0,1.7895301183064776e-05,1.7921129862467448e-06,0.0,2.2391478220621747e-06,-1.7480055491129556e-05,4.676977793375651e-06,0.0,1.5117724736531575e-05,0.0,-8.745988210042319e-06
HIF-1 signaling pathway,-1.0303656260172528e-05,-3.874301910400391e-06,3.0438105265299477e-06,2.229809761047363e-05,-2.8769175211588545e-06,7.704893747965494e-06,-1.5697876612345378e-05,-8.83936882019043e-06,-5.821386973063151e-06,-3.1677881876627606e-05,1.5834967295328776e-06,-9.677807490030923e-06,-3.7848949432373043e-06,0.0,2.1557013193766283e-06,-7.152557373046875e-07,0.0,1.241763432820638e-06,-2.497235933939616e-05,4.678964614868163e-06,0.0,4.6888987223307294e-06,0.0,1.4126300811767588e-06
FoxO signaling pathway,1.2391805648803711e-05,3.8743019104003906e-07,-6.206830342610677e-06,3.156463305155436e-05,-2.8808911641438803e-06,2.2759040196736653e-05,1.48773193359375e-05,1.7722447713216149e-06,4.382928212483724e-06,-7.740656534830731e-06,8.585055669148763e-06,-1.070698102315267e-05,-2.5232632954915905e-07,0.0,1.1817614237467447e-05,2.864996592203776e-06,0.0,-1.241763432820638e-06,-1.1235475540161133e-05,9.353955586751302e-06,-4.2319297790527347e-07,2.6106834411621096e-06,0.0,-2.2049744923909505e-05
Phosphatidylinositol signaling system,-1.2840827306111652e-05,2.582867940266927e-07,-7.237990697224935e-06,-2.2929906845092776e-05,-6.655851999918619e-07,1.4360745747884113e-05,8.678436279296875e-06,-6.691614786783854e-06,-7.492303848266601e-06,-7.910927136739095e-05,-9.274482727050783e-06,1.677672068277995e-05,6.458361943562825e-05,0.0,7.947285970052196e-09,4.657109578450521e-06,0.0,-1.7384688059488933e-06,-1.6856193542480466e-05,4.2140483856201165e-06,0.0,1.199046770731608e-05,0.0,-6.637970606486003e-06
Sphingolipid signaling pathway,3.977616628011067e-06,-1.1622905731201172e-06,-7.3730945587158205e-06,3.765622774759929e-05,-3.985563913981119e-06,9.455283482869466e-06,1.983642578125e-05,-2.651015917460124e-05,9.795029958089193e-07,-3.190040588378906e-05,5.4299831390380864e-06,-5.519390106201171e-06,-4.439353942871094e-05,0.0,-1.823703447977702e-05,3.5862127939860025e-06,0.0,1.990795135498047e-06,3.99470329284668e-05,8.265177408854166e-06,-1.6927719116210939e-06,9.906291961669923e-06,0.0,9.113550186157227e-06
Phospholipase D signaling pathway,1.381238301595052e-05,-1.9371509552001953e-06,-6.7214171091715486e-06,2.3561716079711915e-05,-4.210074742635091e-06,4.341403643290202e-05,7.43865966796875e-06,-1.793305079142253e-05,5.916754404703776e-06,4.450480143229169e-06,-7.875760396321616e-06,-5.263090133666992e-06,-1.1124213536580403e-05,0.0,9.671847025553385e-06,5.735953648885091e-06,0.0,0.0,-7.494290669759115e-06,9.353955586751302e-06,0.0,1.199046770731608e-05,0.0,1.0609626770019527e-06
Neuroactive ligand signaling,2.1280845006306968e-05,-1.2914339701334635e-07,-3.037850062052409e-06,2.3774305979410804e-05,1.1066595713297526e-06,2.6611487070719403e-05,1.983642578125e-05,-1.5908479690551756e-05,-1.8695990244547524e-06,-9.737412134806314e-06,-5.185604095458984e-07,-2.9855966567993166e-05,-3.82383664449056e-05,0.0,1.8978118896484374e-05,3.941853841145834e-06,0.0,2.9861927032470704e-06,5.36799430847168e-05,7.486343383789063e-06,0.0,1.5638271967569987e-05,0.0,-3.490845362345378e-06
Oocyte meiosis,-4.118680953979492e-06,-1.4205773671468098e-06,-1.564621925354004e-05,9.675820668538412e-06,-8.920828501383465e-07,4.936655362447102e-05,1.1157989501953126e-05,-1.780390739440918e-05,5.922714869181315e-06,3.569324811299642e-05,2.9802322387695312e-06,2.4259090423583986e-06,-3.135204315185546e-06,0.0,-1.0730822881062825e-05,1.7901261647542317e-06,0.0,-2.483526865641276e-06,-5.2438179651896165e-05,7.015466690063477e-06,4.2319297790527347e-07,1.2513001759847004e-05,0.0,-9.085734685262043e-06
p53 signaling pathway,1.1205673217773434e-06,1.4205773671468098e-06,-1.739064852396647e-05,8.540749549865725e-05,-1.3311703999837239e-06,-7.696946461995444e-06,1.6550223032633463e-06,-7.575750350952149e-06,1.3518333435058593e-05,4.300673802693685e-05,3.163019816080729e-06,-1.5062093734741209e-05,-4.19000784556071e-05,0.0,-8.211533228556314e-06,5.731980005900065e-06,0.0,4.221995671590169e-06,-2.18510627746582e-05,2.1855036417643228e-06,-4.2517979939778643e-07,9.391705195109048e-06,0.0,-4.025697708129883e-05
Ubiquitin mediated proteolysis,3.238519032796226e-07,-2.582867940266927e-07,-3.6219755808512373e-06,-4.204114278157553e-06,-8.841355641682943e-07,3.676414489746094e-05,-5.781650543212891e-06,9.216864903767902e-06,7.5260798136393246e-06,-1.4833609263102214e-05,-4.53790028889974e-06,-5.902846654256186e-06,-3.194610277811686e-05,0.0,7.877747217814127e-06,-1.7881393432617188e-06,0.0,-1.4901161193847656e-06,-2.933939297993978e-05,1.8775463104248047e-06,-4.2517979939778643e-07,1.355608304341634e-05,0.0,-1.8894672393798828e-05
SNARE interactions in vesicular transport,1.0166565577189127e-05,2.8411547342936197e-06,2.0764271418253585e-05,-1.7255544662475586e-05,-5.098183949788412e-06,3.856420516967775e-06,1.2397766113281257e-06,-8.833408355712892e-06,6.784995396931966e-06,8.658568064371744e-06,-1.045068105061849e-06,3.4699837366739907e-05,2.2008021672566733e-05,0.0,4.0803352991739905e-05,3.5842259724934896e-06,0.0,2.2431214650472005e-06,-9.300510088602701e-05,1.6520420710245766e-05,4.2319297790527347e-07,1.3037522633870442e-05,0.0,2.696514129638672e-05
Autophagy - other,1.6518433888753258e-05,1.6808509826660156e-06,3.695487976074219e-06,-2.1668275197347003e-05,4.2120615641276044e-06,2.6607513427734377e-05,-8.666515350341797e-06,1.5662113825480146e-05,-1.8304586410522462e-05,-5.206465721130371e-05,-4.015366236368815e-06,-2.9857953389485677e-05,4.022320111592611e-05,0.0,5.739927291870117e-06,3.941853841145834e-06,0.0,2.2411346435546876e-06,9.051561355590818e-05,6.552537282307943e-06,-8.463859558105467e-07,9.908278783162434e-06,0.0,-3.535350163777669e-05
Mitophagy - animal,3.7626425425211594e-05,2.582867940266927e-07,-3.099441528320312e-06,-2.061724662780762e-05,-2.6563803354899086e-06,1.8564860026041665e-05,2.107620239257813e-05,1.2715657552083344e-07,4.55776850382487e-06,-5.25057315826416e-05,2.8093655904134114e-06,2.471407254536947e-05,2.3450454076131185e-05,0.0,-6.790955861409505e-06,2.1477540334065754e-06,0.0,-3.2265981038411454e-06,-3.119309743245443e-06,1.0293722152709962e-05,0.0,5.74191411336263e-06,0.0,3.781318664550781e-05
Peroxisome,1.7782052357991535e-05,-6.457169850667318e-07,-8.724133173624673e-06,6.22709592183431e-05,-1.3331572214762372e-06,2.556443214416504e-05,5.7876110076904285e-06,2.045035362243652e-05,1.3518333435058593e-05,6.827116012573241e-05,1.1738141377766926e-05,-1.5252828598022461e-05,-2.213319142659505e-06,0.0,5.733966827392578e-06,0.0,0.0,1.986821492512908e-09,2.1847089131673175e-05,1.4106432596842449e-06,8.463859558105467e-07,6.260474522908529e-06,0.0,2.5566418965657552e-05
mTOR signaling pathway,6.190935770670573e-06,5.165735880533854e-07,4.3352444966634115e-06,-4.1433175404866536e-05,-2.8828779856363937e-06,2.55584716796875e-05,1.6589959462483723e-06,5.048513412475586e-06,1.0611613591512042e-05,-2.7463833491007486e-05,-1.0502338409423829e-05,-1.1533498764038086e-05,-7.583697636922199e-06,0.0,-3.457069396972652e-07,7.172425587972005e-07,0.0,4.478295644124349e-06,5.2430232365926106e-05,1.542965571085612e-05,0.0,8.340676625569662e-06,0.0,4.206101099650065e-06
AMPK signaling pathway,2.397497495015462e-05,-1.1622905731201172e-06,-3.168980280558268e-06,1.8513202667236326e-05,-3.991524378458658e-06,9.10758972167969e-06,-1.4046827952067057e-05,-1.1988480885823567e-05,-3.178914388020833e-07,-4.190206527709962e-06,-1.1895100275675457e-05,-2.7161836624145507e-05,-3.574093182881673e-05,0.0,-1.0689099629720054e-06,1.0748704274495444e-06,0.0,2.739826838175456e-06,-1.1235475540161133e-05,3.826618194580078e-06,-4.2319297790527347e-07,9.916226069132487e-06,0.0,-1.6792615254720053e-05
Integrated stress response (ISR) signaling pathway,1.47700309753418e-05,-2.195437749226888e-06,-2.6832024256388347e-05,-6.226102511088053e-05,-1.986821492512908e-09,-3.457069396972656e-07,-1.6510486602783203e-06,2.8026103973388675e-05,1.1297067006429035e-05,-9.739398956298828e-06,-3.2981236775716135e-07,1.4591217041015624e-05,3.2621622085571286e-05,0.0,2.8669834136962887e-06,5.374352137247722e-06,0.0,2.483526865641276e-07,-1.061558723449707e-05,-1.8616517384847004e-06,8.443991343180338e-07,2.189477284749349e-05,0.0,-4.89354133605957e-06
Apoptosis,1.9854307174682615e-05,1.4205773671468098e-06,-1.9594033559163412e-05,-5.6783358256022135e-06,-2.2451082865397143e-07,-1.7424424489339191e-06,8.680423100789388e-06,-1.0073184967041013e-06,4.188219706217448e-06,5.106131235758464e-06,-6.1194101969401044e-06,-3.472169240315755e-05,-5.2253405253092446e-05,0.0,-6.788969039916992e-06,1.432498296101888e-06,0.0,4.231929779052734e-06,9.361902872721354e-06,3.3537546793619795e-06,-1.2695789337158204e-06,1.4076630274454752e-05,0.0,-1.3116995493570965e-05
Longevity regulating pathway,6.832679112752278e-06,-7.748603820800781e-07,-8.277098337809245e-06,-1.5137592951456708e-05,-2.4378299713134765e-06,6.476044654846191e-05,3.3060709635416668e-06,-4.393458366394043e-05,2.2749106089274087e-06,-2.5691588719685874e-05,-1.2069940567016603e-05,-3.4979979197184245e-05,-7.110238075256347e-05,0.0,1.432498296101888e-05,3.5822391510009766e-06,0.0,2.2351741790771484e-06,-2.621610959370931e-05,1.2304385503133137e-05,0.0,1.668731371561686e-05,0.0,4.2100747426350915e-06
Longevity regulating pathway - multiple species,4.867712656656901e-07,1.4146169026692707e-06,-1.8751621246337892e-05,-7.236202557881673e-05,-1.5517075856526692e-06,3.1161308288574216e-05,9.922186533610026e-06,2.020597457885743e-06,-7.530053456624352e-07,2.3066997528076182e-05,-8.217493693033855e-06,-2.8057893117268878e-05,-5.5398543675740564e-05,0.0,-3.5643577575683588e-06,3.224611282348633e-06,0.0,6.210803985595703e-06,0.00011984705924987793,3.90013058980306e-06,1.2695789337158204e-06,9.906291961669923e-06,0.0,-1.0138750076293945e-05
Apoptosis - multiple species,3.080169359842936e-05,-1.6788641611735027e-06,-9.375810623168944e-06,5.785028139750163e-05,-1.5457471211751298e-06,-1.1545419692993165e-05,1.1984507242838543e-05,8.463859558105469e-06,3.377993901570638e-05,-3.089507420857745e-06,1.8477439880371102e-07,3.2784541447957355e-05,-3.9148330688476567e-05,0.0,-4.4363737106323246e-05,3.5822391510009766e-06,0.0,3.727277119954427e-06,-5.616744359334313e-06,-2.1755695343017565e-06,-4.231929779052734e-06,2.1892786026000977e-05,0.0,-6.995598475138347e-06
Ferroptosis,2.1272897720336916e-05,4.003445307413737e-06,-5.821386973063151e-06,-1.7879406611124676e-05,-2.215305964152018e-06,1.0154644648234048e-05,6.618102391560873e-06,-5.2769978841145836e-05,1.9454956054687502e-05,-4.929701487223307e-05,-4.9014886220296225e-06,1.785755157470703e-05,-2.3569663365681966e-05,0.0,3.794431686401367e-05,5.372365315755208e-06,0.0,3.733237584431966e-06,-5.679925282796224e-05,-4.6292940775553406e-07,-2.119938532511393e-06,1.408259073893229e-05,0.0,-5.07513682047526e-05
Necroptosis,1.8427769343058266e-05,7.748603820800781e-07,-6.20881716410319e-06,1.3883908589680988e-05,-6.635983784993488e-07,4.971027374267578e-05,9.504954020182292e-06,-7.698933283487955e-06,1.4702479044596355e-06,8.223454157511397e-06,1.5590588251749674e-05,-6.1551729838053385e-06,8.783737818400066e-06,0.0,1.9337733586629232e-05,3.5762786865234375e-07,0.0,6.218751271565755e-06,3.1834840774536134e-05,9.975830713907878e-06,0.0,1.7201900482177732e-05,0.0,3.8168827692667644e-05
Cellular senescence,-8.40028127034505e-06,1.9371509552001953e-06,-1.84933344523112e-05,4.859765370686849e-05,-1.998742421468099e-06,7.712841033935547e-06,4.9591064453125e-06,-1.0104974110921224e-05,3.5107135772705077e-06,1.1871258417765299e-05,-1.2425581614176432e-05,-3.6001205444335937e-06,-1.0083119074503584e-05,0.0,7.51813252766927e-06,2.866983413696289e-06,0.0,-1.241763432820638e-06,-1.0611613591512044e-05,5.304813385009766e-06,4.2319297790527347e-07,8.867184321085613e-06,0.0,-2.361734708150228e-05
Cardiac muscle contraction,4.111528396606446e-05,2.0662943522135415e-06,9.055932362874347e-06,6.437102953592935e-05,1.1146068572998046e-06,1.435081164042155e-05,5.7440996170043955e-05,4.1411320368448886e-05,2.5141239166259766e-05,4.100998242696126e-05,1.0335445404052735e-05,2.189477284749349e-05,6.798307100931803e-05,0.0,-7.863839467366538e-06,5.3763389587402345e-06,0.0,1.1920928955078012e-08,9.98973846435547e-06,1.6093254089355457e-07,0.0,2.397894859313965e-05,0.0,-3.437201182047551e-07
Adrenergic signaling in cardiomyocytes,1.0015567143758138e-05,9.040037790934244e-07,-1.1700391769409179e-05,3.84986400604248e-05,-6.655851999918619e-07,1.9268194834391275e-05,2.148946126302083e-05,1.0357300440470377e-05,8.821487426757812e-06,2.261598904927571e-05,2.284844716389974e-06,5.7498613993326816e-06,3.5524368286132805e-06,0.0,-2.3609399795532225e-05,7.152557373046875e-07,0.0,2.523263295491537e-07,-9.985764821370443e-06,1.5616416931152337e-06,-8.463859558105469e-07,1.7203887303670247e-05,0.0,-1.0844071706136066e-05
Vascular smooth muscle contraction,2.715190251668294e-05,-6.457169850667318e-07,-1.1964639027913412e-05,6.206035614013672e-05,6.63598378499349e-07,7.092952728271488e-07,1.281102498372396e-05,4.3429931004842115e-05,-4.7047932942708336e-06,-1.7050902048746745e-05,2.8073787689208985e-06,1.70290470123291e-05,3.681381543477376e-05,0.0,7.947285970052055e-09,3.941853841145834e-06,0.0,2.562999725341797e-07,-2.6220083236694338e-05,2.185503641764323e-06,8.463859558105469e-07,4.174311955769857e-06,0.0,5.324681599934898e-07
Notch signaling pathway,-3.957748413085937e-06,-1.2914339701334636e-06,7.955233256022136e-06,-1.2197097142537434e-05,-3.3239523569742842e-06,2.6611487070719403e-05,-1.528461774190267e-05,-1.5276670455932618e-05,-3.602107365926107e-06,-6.425579388936362e-05,7.5380007425944e-06,2.6766459147135413e-05,7.335742314656576e-05,0.0,-5.712111790974935e-06,-3.5762786865234375e-07,0.0,-1.9768873850504556e-06,3.119309743245447e-06,6.8604946136474614e-06,4.2319297790527347e-07,1.5642245610555013e-05,1.3113021850585936e-07,-1.9244352976481117e-05
Hedgehog signaling pathway,1.1283159255981444e-05,9.040037790934244e-07,-1.674890518188477e-05,4.4226646423339845e-06,2.165635426839191e-07,3.326137860616048e-05,1.2813011805216468e-05,-2.954403559366862e-05,-5.662441253662107e-07,2.6607513427734377e-05,1.847743988037109e-07,-7.444620132446288e-06,-1.6230344772338868e-05,0.0,1.6115109125773112e-05,3.596146901448568e-07,0.0,-4.963080088297526e-06,-6.429354349772136e-05,1.1006991068522134e-06,-8.463859558105469e-07,2.1896759668986e-05,0.0,-2.6595592498779296e-05
TGF-beta signaling pathway,2.698500951131185e-05,-1.2914339701334635e-07,-6.4055124918619784e-06,6.0162941614786784e-05,-5.960464477539006e-09,3.536542256673177e-05,-1.0736783345540364e-05,-1.969337463378906e-05,1.599589983622233e-05,5.032618840535483e-05,-1.7154216766357423e-05,-1.0063250859578451e-05,3.184477488199869e-05,0.0,-1.2874603271484375e-05,7.152557373046875e-07,0.0,2.7418136596679688e-06,1.4978647232055663e-05,2.338488896687825e-06,0.0,1.4593203862508139e-05,0.0,4.691680272420247e-05
VEGF signaling pathway,3.1828880310058593e-06,-1.2914339701334635e-07,-2.1725893020629883e-05,-5.261103312174478e-06,-2.6623407999674478e-06,1.1213620503743489e-05,2.2315979003906252e-05,1.022617022196452e-05,-4.214048385620117e-06,-2.3259719212849936e-05,-1.5676021575927733e-06,1.5485286712646485e-05,-5.290508270263672e-05,0.0,-3.5421053568522135e-05,-2.86102294921875e-06,0.0,-1.241763432820638e-06,1.4358758926391599e-05,8.112192153930664e-06,8.463859558105467e-07,9.898344675699871e-06,0.0,3.508726755777994e-06
Apelin signaling pathway,3.5047531127929694e-06,-2.195437749226888e-06,-1.8107891082763673e-05,-9.463230768839517e-06,-3.3259391784667963e-06,1.681049664815267e-05,1.2397766113281246e-06,1.1869271596272788e-05,-1.4980634053548175e-06,1.0653336842854814e-05,9.934107462565104e-09,1.2060006459554029e-06,-4.714330037434896e-05,0.0,-3.5166740417480444e-07,4.659096399943034e-06,0.0,-1.4901161193847656e-06,-1.9975503285725908e-05,1.8795331319173176e-06,0.0,8.344650268554688e-06,0.0,-1.3293822606404622e-05
Osteoclast differentiation,2.7547279993693035e-05,-3.8743019104003906e-07,-4.65710957845052e-06,6.184776624043783e-05,-1.1086463928222655e-06,1.6456842422485353e-05,-2.5602181752522785e-05,-5.112091700236004e-06,-1.557668050130208e-06,-4.9853324890136724e-05,-2.26895014444987e-06,-4.240870475769043e-05,-3.6929051081339515e-05,0.0,-5.7160854339599604e-06,3.5762786865234375e-07,0.0,1.4921029408772785e-06,-9.36587651570638e-06,2.8113524119059243e-06,-1.6927719116210939e-06,9.38574473063151e-06,0.0,-8.21550687154134e-06
Cornified envelope formation,3.6597251892089843e-06,3.8743019104003906e-07,-3.550052642822266e-05,7.215539614359539e-05,-8.861223856608073e-07,3.956357638041179e-05,1.8596649169921875e-05,-1.3868014017740887e-06,5.608797073364258e-06,-4.896322886149089e-05,1.070102055867513e-05,3.39349110921224e-05,7.192095120747885e-05,0.0,-3.4968058268229185e-07,1.7901261647542317e-06,0.0,5.974372227986654e-06,3.308256467183431e-05,9.198983510335287e-06,-8.463859558105469e-07,1.3554096221923827e-05,0.0,-1.5747547149658202e-05
Hippo signaling pathway - multiple species,1.0166565577189129e-05,0.0,9.099642435709638e-07,-0.0001386284828186035,-2.6563803354899086e-06,1.9603967666625975e-05,-2.0649035771687826e-05,1.691778500874837e-05,1.5244881312052408e-05,6.229082743326824e-05,-1.3820330301920573e-05,-1.294414202372233e-05,-2.7755896250406902e-05,0.0,1.7189979553222658e-05,3.5762786865234375e-07,0.0,2.992153167724609e-06,0.00013920068740844727,-3.107388814290364e-06,8.463859558105469e-07,3.8063526153564454e-05,0.0,3.514687220255534e-06
ECM-receptor interaction,-2.370278040568035e-06,-4.390875498453776e-06,-2.1924575169881184e-05,1.2576580047607435e-06,-2.6563803354899086e-06,6.16153081258138e-05,-1.1565287907918294e-05,-5.6842962900797505e-06,-2.4239222208658853e-06,3.857811292012532e-05,8.408228556315104e-06,-2.434849739074707e-05,-8.761882781982422e-06,0.0,4.2597452799479164e-05,5.735953648885091e-06,0.0,-1.4861424763997396e-06,0.00011922717094421386,7.955233256022136e-06,-1.2695789337158204e-06,2.7108192443847657e-05,0.0,-1.1891126632690431e-05
Cell adhesion molecule (CAM) interaction,-1.7404556274414062e-06,9.040037790934244e-07,-6.075700124104817e-06,2.1668275197347003e-05,4.410743713378907e-07,4.9716234207153315e-05,1.2399752934773763e-05,3.175338109334309e-05,5.8571497599283845e-06,2.328952153523763e-05,6.310145060221354e-06,-2.1340449651082355e-05,-3.0001004536946616e-06,0.0,3.400246302286784e-05,-1.0728836059570312e-06,0.0,4.734595616658529e-06,3.6203861236572264e-05,1.2779235839843749e-05,8.463859558105469e-07,1.251498858133952e-05,0.0,-2.939701080322266e-05
Integrin signaling,1.8578767776489257e-05,-2.195437749226888e-06,-2.4314721425374342e-05,4.6912829081217444e-05,2.165635426839191e-07,1.3657410939534505e-05,-1.404086748758952e-05,2.373456954956055e-05,4.4922033945719406e-06,1.1759996414184573e-05,3.856420516967774e-06,-2.998510996500651e-05,-3.443757692972819e-05,0.0,3.543893496195475e-05,4.2974948883056646e-06,0.0,1.2457370758056642e-06,9.488264719645183e-05,-2.642472585042318e-06,-1.2695789337158204e-06,1.5642245610555013e-05,0.0,-1.329382260640462e-05
Adherens junction,1.6035636266072593e-05,5.165735880533854e-07,-1.3969341913859048e-05,-9.256601333618163e-06,3.0994415283203125e-06,1.3303756713867185e-05,4.961093266805013e-06,-2.5371710459391277e-05,1.4762083689371746e-06,-2.3919343948364255e-05,5.269050598144531e-06,-1.230438550313314e-05,6.818771362304684e-06,0.0,6.091594696044922e-06,-7.152557373046875e-07,0.0,3.985563913981119e-06,8.80142052968343e-05,1.5656153361002601e-06,2.115964889526367e-06,-3.129243850708008e-06,0.0,1.1559327443440754e-05
Gap junction,2.3180246353149416e-05,-3.2285849253336587e-06,-1.370112101236979e-05,3.618399302164714e-05,-2.215305964152018e-06,5.146463712056478e-05,-5.368391672770182e-06,-2.2349754969278973e-05,6.69558842976888e-07,-3.168185551961263e-05,-3.457069396972656e-07,-1.531640688578288e-05,-5.525747934977213e-05,0.0,4.659096399943034e-06,7.881720860799153e-06,0.0,7.549921671549479e-07,-1.685221989949544e-05,1.4022986094156902e-05,8.463859558105467e-07,-5.225340525309247e-07,0.0,-2.435843149820964e-06
Signaling pathways regulating pluripotency of stem cells,6.67572021484375e-06,3.3577283223470053e-06,-6.725390752156575e-06,-2.8606255849202478e-05,-2.660353978474935e-06,-2.2047758102416987e-05,6.202856699625651e-06,1.9186735153198244e-05,9.014209111531575e-06,-2.7469793955485023e-05,-1.400311787923177e-05,-8.34067662556966e-06,5.902846654256183e-06,0.0,-3.9299329121907554e-06,3.943840662638347e-06,0.0,4.728635152180989e-06,4.993478457132976e-05,9.377797444661456e-07,0.0,9.387731552124023e-06,0.0,2.8713544209798175e-05
Complement and coagulation cascades,1.7313162485758462e-05,-2.0662943522135415e-06,-6.143252054850261e-06,0.00013084610303243,1.7702579498291015e-06,5.462169647216797e-05,-9.500980377197266e-06,2.9979149500528973e-05,3.512700398763021e-06,-4.1427214940388996e-05,2.8014183044433594e-06,-3.613233566284179e-05,6.327629089355468e-05,0.0,1.3250112533569335e-05,3.2226244608561196e-06,0.0,7.53005345662435e-07,7.552703221638998e-05,-3.0795733133951894e-07,0.0,1.2513001759847004e-05,0.0,-2.9915571212768557e-05
Platelet activation,1.4384587605794266e-06,-2.8411547342936197e-06,-1.4934937159220379e-05,1.914699872334798e-05,-4.430611928304036e-07,2.4861097335815428e-05,-4.092852274576823e-07,-4.295508066813151e-06,-3.6617120107014976e-06,-1.4613072077433268e-05,-7.877747217814127e-06,-2.9474496841430664e-05,-4.1772921880086265e-05,0.0,-8.223454157511393e-06,4.657109578450521e-06,0.0,1.988808314005534e-06,2.1223227183024095e-05,-2.7954578399658207e-06,0.0,9.908278783162434e-06,0.0,1.1912981669108072e-05
Antigen processing and presentation,2.4447838465372722e-05,4.26173210144043e-06,-4.591544469197591e-06,5.04910945892334e-05,1.5536944071451823e-06,4.1315952936808266e-05,3.925959269205729e-05,-7.826089859008791e-06,1.03910764058431e-06,-4.275838534037272e-05,-4.891554514567058e-06,-9.620189666748046e-06,2.3327271143595375e-05,0.0,8.596976598103842e-06,4.657109578450521e-06,0.0,-1.9828478495279947e-06,1.1857350667317707e-05,1.060167948404948e-05,0.0,8.861223856608072e-06,0.0,1.0166565577189129e-05
Renin-angiotensin system,3.778537114461263e-05,1.806020736694336e-06,-8.600950241088866e-06,5.406339963277181e-05,-8.801619211832682e-07,1.645684242248535e-05,6.90142313639323e-05,5.79516092936198e-05,1.7654895782470702e-05,3.614226977030436e-05,-2.980232238769531e-06,5.1416953404744466e-05,3.903706868489583e-05,0.0,-2.3963054021199546e-05,3.2206376393636067e-06,0.0,5.006790161132813e-07,0.000161669651667277,2.9683113098144525e-06,-6.783008575439453e-06,1.6162792841593426e-05,0.0,6.091793378194173e-05
Toll-like receptor signaling pathway,2.8109550476074223e-05,-1.2914339701334635e-07,-1.1511643727620442e-05,6.774067878723145e-05,-1.329183578491211e-06,9.10361607869466e-06,-2.1890799204508466e-05,-7.065137227376303e-06,-2.7318795522054038e-06,-2.4586915969848633e-05,-1.960595448811849e-05,-3.958741823832194e-05,-5.5787960688273114e-05,0.0,-8.93870989481608e-06,7.152557373046875e-07,0.0,7.510185241699219e-07,4.494388898213705e-05,8.891026178995768e-06,-4.2319297790527347e-07,1.668135325113932e-05,0.0,3.860394159952799e-06
RIG-I-like receptor signaling pathway,2.953211466471354e-05,7.748603820800781e-07,-1.3772646586100258e-05,5.892912546793623e-06,1.3311703999837243e-06,1.856287320454915e-05,1.3637542724609374e-05,1.3387203216552734e-05,4.933277765909831e-06,-6.9697697957356765e-06,-2.188682556152344e-05,-2.8192996978759766e-05,7.349252700805657e-06,0.0,-1.9673506418863932e-05,1.0728836059570312e-06,0.0,-1.2358029683430988e-06,-2.434849739074707e-05,8.418162663777668e-06,0.0,2.1376212437947594e-05,0.0,-3.1471252441406244e-06
Cytosolic DNA-sensing pathway,-1.577536265055338e-06,-1.2914339701334635e-07,-2.2564331690470377e-05,2.0829836527506516e-05,-6.675720214843749e-07,5.951523780822754e-05,-5.7796637217203786e-06,-2.9416879018147785e-05,1.00553035736084e-05,6.443262100219725e-06,2.807378768920898e-06,1.5550851821899416e-05,1.9919872283935546e-05,0.0,1.3607740402221682e-05,3.2226244608561196e-06,0.0,1.7503897349039712e-06,3.4958124160766595e-05,1.6832351684570315e-05,0.0,1.5638271967569984e-05,0.0,-9.087721506754556e-06
C-type lectin receptor signaling pathway,7.78039296468099e-06,1.2914339701334636e-06,-1.688202222188314e-05,5.490978558858235e-05,-3.0994415283203125e-06,-1.714626948038737e-05,7.025400797526042e-06,-5.684296290079753e-06,3.818670908610026e-06,-3.7217140197753905e-05,-1.0677178700764974e-05,-9.427467981974283e-06,2.0833810170491538e-05,0.0,-2.7902921040852868e-05,3.5822391510009766e-06,0.0,2.497434616088867e-06,2.4344523747762048e-05,1.8735726674397789e-06,-4.2319297790527347e-07,1.2513001759847004e-05,0.0,-2.6947259902954106e-05
JAK-STAT signaling pathway,7.474422454833983e-06,-1.2914339701334635e-07,-9.506940841674805e-06,5.216995875040691e-05,4.3908754984537763e-07,1.1559327443440757e-05,1.7770131429036458e-05,-5.046526590983074e-07,2.8928120930989582e-06,1.1758009592692058e-05,4.382928212483724e-06,7.549921671549479e-07,4.349350929260255e-05,0.0,-1.4245510101318356e-06,1.0728836059570312e-06,0.0,-9.914239247639974e-07,1.1859337488810221e-05,4.36703364054362e-06,-4.2319297790527347e-07,1.0426839192708332e-05,0.0,3.5762786865234375e-07
Hematopoietic cell lineage,5.882978439331055e-06,-2.582867940266927e-07,-1.628994941711426e-05,9.250640869140626e-06,3.0934810638427734e-06,5.2511692047119146e-06,2.066294352213542e-06,-5.066394805908203e-07,6.534655888875325e-06,-4.1874249776204425e-05,2.1890799204508463e-05,-1.0391076405843101e-06,3.1838814417521157e-05,0.0,2.2550423940022792e-05,6.095568339029948e-06,0.0,0.0,2.246896425882975e-05,2.0305315653483075e-06,0.0,1.9814570744832357e-05,0.0,-4.1643778483072914e-05
Natural killer cell mediated cytotoxicity,-7.01347986857096e-07,-1.2914339701334635e-07,-1.325209935506185e-05,3.177324930826823e-05,-2.215305964152018e-06,1.960992813110352e-05,-1.237789789835612e-06,-4.857778549194336e-06,7.277727127075194e-06,-2.769033114115397e-05,-6.475051244099935e-06,-1.4865398406982422e-05,-3.1942129135131835e-05,0.0,5.729993184407552e-06,4.2974948883056646e-06,0.0,1.243750254313151e-06,-3.932913144429525e-05,5.459785461425782e-06,0.0,4.6908855438232415e-06,0.0,-1.7491976420084634e-05
IL-17 signaling pathway,1.4456113179524738e-05,1.4205773671468098e-06,-2.7614831924438477e-05,6.900032361348471e-05,1.7642974853515628e-06,3.4310420354207356e-05,-4.539887110392253e-06,3.5385290781656906e-06,1.0611613591512044e-05,1.390775044759092e-08,-3.4888585408528645e-06,1.6389290491739907e-05,6.549557050069173e-05,0.0,-1.2870629628499347e-05,7.152557373046875e-07,0.0,1.752376556396484e-06,-3.745754559834798e-05,1.1845429738362631e-05,-1.7007191975911457e-06,1.8765528996785484e-05,0.0,2.3466348648071292e-05
Th1 and Th2 cell differentiation,1.095732053120931e-05,2.4537245432535806e-06,-6.910165150960286e-06,5.4277976353963216e-05,4.430611928304036e-07,4.410942395528158e-05,-2.684791882832845e-05,4.414717356363933e-06,-8.054574330647786e-06,-5.339781443277995e-05,-9.793043136596682e-06,-9.741385777791341e-06,3.747542699178061e-05,0.0,-2.495447794596354e-06,4.6531359354654946e-06,0.0,1.0013580322265625e-06,1.4978647232055666e-05,1.0750691095987956e-05,1.2695789337158204e-06,1.303354899088542e-05,0.0,2.9414892196655273e-05
Th17 cell differentiation,2.8689702351888016e-06,3.6160151163736978e-06,-1.0796387990315755e-05,4.523595174153646e-05,-1.986821492512908e-09,4.3763717015584304e-05,-2.3955106735229494e-05,-2.2470951080322266e-05,1.4722347259521486e-06,-3.7000576655069986e-05,-7.869799931844075e-06,-5.3862730662028e-06,2.528826395670573e-05,0.0,9.673833847045899e-06,5.3763389587402345e-06,0.0,4.732608795166015e-06,5.180835723876953e-05,1.0597705841064452e-05,4.2319297790527347e-07,1.199046770731608e-05,0.0,2.382000287373861e-05
T cell receptor signaling pathway,5.880991617838542e-06,2.3245811462402344e-06,-1.5385945638020833e-05,-4.543264706929524e-05,4.3908754984537763e-07,3.8512547810872395e-05,4.231929779052737e-07,-4.667043685913086e-06,-1.6768773396809893e-06,6.880362828572591e-06,3.973642985026098e-09,-2.566973368326823e-06,-6.667772928873696e-06,0.0,-2.5395552317301432e-05,5.374352137247722e-06,0.0,1.986821492513021e-06,7.053613662719726e-05,1.4183918635050458e-05,0.0,1.1992454528808595e-05,0.0,-1.609325408935547e-05
B cell receptor signaling pathway,2.5884310404459635e-05,1.6788641611735027e-06,-3.0358632405598956e-06,2.860824267069499e-05,-2.205371856689453e-07,-1.329779624938965e-05,-1.1150042215983074e-05,-1.439253489176432e-05,-4.096825917561849e-06,-3.876884778340658e-05,-4.8995018005371095e-06,-1.3335545857747397e-05,-5.185405413309733e-05,0.0,-8.223454157511393e-06,1.430511474609375e-06,0.0,-3.973642985026042e-06,6.866455078125003e-06,2.654393513997396e-06,0.0,6.7730744679768876e-06,0.0,-5.18043835957845e-05
Fc epsilon RI signaling pathway,2.7100245157877605e-06,-1.6788641611735027e-06,-1.9333759943644203e-05,2.0198027292887367e-05,-1.9927819569905597e-06,8.056561152140299e-06,1.7356872558593753e-05,9.467204411824541e-06,5.487600962320964e-06,-2.392133076985677e-05,3.9736429850260275e-09,-1.865029335021973e-05,1.5991926193237305e-05,0.0,-2.9689073562622075e-05,3.224611282348633e-06,0.0,7.450580596923828e-07,5.555947621663411e-05,5.765755971272787e-06,-4.2319297790527347e-07,2.086162567138672e-06,0.0,7.01149304707845e-06
Fc gamma R-mediated phagosome formation,-9.993712107340494e-06,1.0331471761067708e-06,6.854534149169922e-06,-1.2197097142537436e-05,-4.65710957845052e-06,3.36150328318278e-05,-1.1156002680460611e-05,1.5119711558024093e-06,4.502137502034505e-06,3.037452697753907e-05,-3.852446873982748e-06,-4.494190216064453e-06,-3.4697850545247395e-05,0.0,-2.1378199259440104e-06,0.0,0.0,1.4940897623697917e-06,-8.114178975423177e-06,6.389617919921875e-06,0.0,1.0430812835693357e-06,0.0,-4.883607228597005e-06
TNF signaling pathway,2.5405486424763998e-05,-2.195437749226888e-06,-2.3017326990763347e-05,2.4400154749552406e-05,2.2053718566894535e-07,8.755922317504883e-06,-4.9551328023274735e-06,-1.1487801869710286e-05,1.2407700220743815e-05,1.0426839192708335e-05,-5.420049031575522e-06,-2.505183219909668e-05,-1.7539660135904947e-05,0.0,-9.292364120483399e-06,3.5762786865234375e-07,0.0,1.0013580322265625e-06,-2.4970372517903646e-05,8.26120376586914e-06,-8.503595987955729e-07,1.720388730367025e-05,0.0,1.016855239868164e-05
Leukocyte transendothelial migration,9.218851725260416e-06,-1.1622905731201172e-06,-8.469820022583007e-06,6.731351216634114e-06,-1.1066595713297526e-06,2.4167696634928387e-05,-2.1886825561523437e-05,7.450580596923828e-06,7.222096125284831e-06,2.4165709813435876e-05,1.5062093734741212e-05,-2.1533171335856122e-05,-6.014108657836915e-06,0.0,2.363125483194987e-05,-1.7881393432617188e-06,0.0,2.7338663736979167e-06,1.747409502665202e-05,3.4352143605550126e-06,4.2319297790527347e-07,1.4593203862508139e-05,0.0,-1.4690558115641278e-05
Intestinal immune network for IgA production,-9.906291961669923e-06,3.4828980763753257e-06,-2.1082162857055667e-05,4.880825678507487e-05,4.4504801432291673e-07,2.415776252746582e-05,4.963080088297526e-06,1.325408617655436e-05,-1.837015151977539e-05,-0.00011012951532999676,-3.1391779581705728e-06,-2.5759140650431316e-05,-4.2162338892618816e-05,0.0,4.5460462570190426e-05,7.172425587972005e-07,0.0,9.934107462565104e-09,9.359916051228841e-06,1.1072556177775066e-05,1.6927719116210939e-06,2.618630727132162e-06,0.0,-1.36415163675944e-05
Circadian rhythm,3.270308176676432e-05,2.582867940266927e-07,1.746416091918946e-06,3.3448139826456703e-05,-1.7722447713216146e-06,3.221035003662109e-05,-2.886851628621419e-06,-3.130634625752767e-05,2.347230911254883e-05,5.021293958028158e-05,2.8032064437866208e-05,-2.8963883717854818e-05,-5.6962172190348305e-05,0.0,7.528066635131836e-06,4.657109578450521e-06,0.0,1.50601069132487e-06,-5.4311752319335933e-05,2.0345052083333337e-06,8.463859558105467e-07,1.3027588526407879e-05,0.0,-7.105271021525066e-05
Circadian entrainment,1.8900632858276365e-05,-5.165735880533854e-07,-8.34067662556966e-06,1.7885367075602213e-05,-1.5497207641601562e-06,-1.7404556274414066e-06,-2.0662943522135415e-06,-2.8657913208007813e-05,8.51750373840332e-06,-5.893111228942871e-05,1.7603238423665363e-06,-1.02539857228597e-05,-1.7150243123372397e-05,0.0,-2.82585620880127e-05,3.5842259724934896e-06,0.0,-4.887580871582032e-07,-1.2516975402831987e-06,-1.5099843343098918e-07,0.0,1.1986494064331056e-05,0.0,-1.2590487798055014e-05
Long-term potentiation,8.896986643473308e-06,-1.5497207641601562e-06,-1.5260775883992515e-05,4.629294077555337e-06,4.450480143229168e-07,-4.340012868245443e-05,6.200869878133139e-06,2.3732582728068035e-05,5.243221918741861e-06,-3.943244616190593e-05,4.907449086507161e-06,6.012121836344401e-06,-2.2256374359130855e-05,0.0,-2.933939297993978e-05,-1.0728836059570312e-06,0.0,-1.4881292978922527e-06,-2.8711557388305663e-05,-6.2266985575358066e-06,4.2319297790527347e-07,4.6888987223307294e-06,1.3113021850585936e-07,-3.815094629923502e-05
Synaptic vesicle cycle,-1.4245510101318346e-06,1.8080075581868489e-06,7.243951161702473e-06,2.314249674479167e-05,-4.430611928304036e-06,2.311070760091146e-05,2.6037295659383137e-05,-7.828076680501303e-06,4.680951436360678e-06,6.161928176879883e-05,-1.785159111022949e-05,3.3295154571533204e-05,-2.7755896250406902e-05,0.0,5.261103312174479e-05,2.5073687235514325e-06,0.0,4.23590342203776e-06,3.619988759358724e-05,3.592173258463542e-06,-4.2319297790527347e-07,2.6106834411621088e-06,0.0,-1.2590487798055012e-05
Neurotrophin signaling pathway,2.341866493225098e-05,-1.2914339701334635e-07,-3.681580225626628e-06,1.7885367075602213e-05,-8.861223856608074e-07,-4.891554514567057e-06,-5.781650543212891e-06,-6.057818730672201e-06,5.918741226196289e-06,7.987022399902344e-06,-6.300210952758789e-06,-1.8326441446940103e-05,-2.5655825932820638e-05,0.0,-2.0386775334676105e-05,2.5073687235514325e-06,0.0,-1.4901161193847656e-06,2.5588274002075196e-05,3.7471453348795573e-06,-4.2319297790527347e-07,1.3554096221923828e-05,0.0,-3.219842910766602e-05
Retrograde endocannabinoid signaling,1.9373496373494468e-05,-5.165735880533854e-07,-5.8134396870931e-06,9.46640968322754e-05,-4.430611928304037e-07,3.9915243784586586e-05,1.986821492512908e-09,2.4237235387166337e-05,-8.821487426757811e-07,9.097655614217122e-06,-4.53790028889974e-06,5.237261454264323e-06,-1.1390447616577151e-05,0.0,-1.537799835205078e-05,1.0748704274495444e-06,0.0,-1.7364819844563804e-06,2.6214122772216798e-05,9.35196876525879e-06,0.0,8.861223856608072e-06,0.0,2.4159749348958332e-05
Glutamatergic synapse,1.2385845184326171e-05,-1.6788641611735027e-06,4.659096399943034e-06,3.0297040939331055e-05,8.821487426757814e-07,1.0156631469726565e-05,-6.61015510559082e-06,-4.942814509073894e-05,9.566545486450195e-06,-5.605618158976237e-05,-1.049637794494629e-05,6.27835591634115e-07,-2.9204289118448895e-05,0.0,-6.071726481119792e-06,5.3763389587402345e-06,0.0,-2.443790435791015e-07,-1.4356772104899089e-05,1.0987122853597001e-06,0.0,9.904305140177408e-06,0.0,3.571708997090657e-05
Cholinergic synapse,1.0961294174194336e-05,-1.2914339701334635e-07,-3.052155176798502e-05,-3.6815802256266274e-05,2.1855036417643228e-07,2.24153200785319e-05,-8.678436279296875e-06,-1.843571662902832e-05,8.334716161092123e-06,-1.5437602996826148e-06,-8.39829444885254e-06,6.649891535441081e-06,-3.351370493570964e-05,0.0,5.0246715545654295e-06,3.5762786865234375e-07,0.0,7.450580596923828e-07,-6.258487701416017e-07,9.347995122273764e-06,-4.2319297790527347e-07,1.616080602010091e-05,0.0,-1.5038251876831057e-05
Serotonergic synapse,1.8258889516194664e-05,-1.1622905731201172e-06,3.4928321838378903e-06,-2.818703651428223e-05,-6.635983784993489e-07,-2.3094813028971356e-05,1.0744730631510416e-05,-2.347826957702637e-05,2.5312105814615887e-06,-3.455479939778645e-05,8.22742780049642e-06,2.5095542271931964e-05,4.925926526387533e-05,0.0,-1.4303127924601239e-05,-3.5762786865234375e-07,0.0,-1.231829325358073e-06,2.309878667195638e-05,-2.0146369934082025e-06,4.2319297790527347e-07,3.1332174936930336e-06,0.0,-1.2942155202229817e-05
GABAergic synapse,1.1281172434488931e-05,-3.8743019104003906e-07,-1.9588073094685872e-05,-1.74562136332194e-05,6.616115570068359e-07,1.610716183980306e-05,3.3080577850341793e-06,4.545847574869792e-06,1.9629796346028644e-06,4.2259693145751965e-06,9.810924530029297e-06,2.6861826578776006e-06,-2.133448918660482e-05,0.0,4.080335299173991e-05,1.0748704274495444e-06,0.0,1.7503897349039712e-06,7.427732149759927e-05,-3.5782655080159504e-06,-4.2319297790527347e-07,1.4078617095947267e-05,0.0,2.8713544209798175e-05
Dopaminergic synapse,1.6200542449951173e-05,-1.0331471761067708e-06,-1.1251370112101236e-05,7.154544194539389e-06,-1.1066595713297526e-06,-1.014073689778646e-05,-5.7856241861979164e-06,-2.5125344594319663e-05,4.128615061442057e-06,-1.1954704920450848e-05,-6.643931070963541e-06,1.3502438863118493e-05,-6.669759750366212e-06,0.0,-2.82585620880127e-05,3.2226244608561196e-06,0.0,-2.7318795522054038e-06,6.218751271565746e-07,-3.578265508015951e-06,-4.2319297790527347e-07,2.4503469467163084e-05,0.0,-3.840525945027669e-06
Long-term depression,1.6991297403971354e-05,-6.457169850667318e-07,-6.3320000966389975e-06,5.364020665486653e-05,-3.3179918924967447e-06,1.1559327443440754e-05,1.7358859380086264e-05,-1.0603666305541989e-05,6.784995396931966e-06,-1.893440882364909e-05,7.011493047078451e-06,-9.232759475708008e-06,-2.9591719309488934e-05,0.0,1.4424324035644533e-06,1.0768572489420573e-06,0.0,-4.714727401733399e-06,-1.0611613591512048e-05,7.015466690063477e-06,0.0,7.303555806477864e-06,0.0,7.710854212443034e-06
Olfactory transduction,-2.0603338877360024e-06,-4.907449086507161e-06,-1.7519791920979818e-05,3.975828488667806e-05,8.841355641682943e-07,3.502766291300455e-06,-5.370378494262696e-06,1.439253489176432e-05,-4.83393669128418e-06,-3.123283386230469e-05,-7.001558939615886e-06,1.9194682439168296e-05,1.926422119140625e-05,0.0,-2.1358331044514984e-06,2.1497408548990887e-06,0.0,2.562999725341798e-07,3.058513005574544e-05,-7.768472035725905e-07,1.2695789337158204e-06,2.0855665206909182e-05,0.0,8.414189020792643e-06
Taste transduction,1.9691387812296547e-05,1.6788641611735027e-06,-4.720687866210938e-06,6.142656008402508e-05,1.9927819569905597e-06,2.4509429931640624e-05,1.6119082768758138e-05,-5.302826563517252e-06,-4.394849141438802e-06,-1.7269452412923175e-05,1.3665358225504556e-05,1.8692016601562498e-05,3.105600674947103e-05,0.0,1.3967355092366537e-05,2.864996592203776e-06,0.0,-7.698933283487955e-06,-2.684394518534342e-05,2.495447794596354e-06,0.0,2.612670262654623e-06,0.0,1.6464789708455405e-05
Phototransduction,-2.617637316385905e-05,-2.8411547342936197e-06,-4.120071729024252e-05,0.00013568798700968425,-2.8789043426513674e-06,-5.670388539632162e-05,-1.4046827952067055e-05,-1.7676750818888346e-05,1.3023614883422852e-05,-9.706020355224609e-05,-8.91884167989095e-06,7.05718994140625e-05,0.00014827450116475422,0.0,-3.21964422861735e-05,1.434485117594401e-06,0.0,1.5079975128173829e-06,-4.120469093322753e-05,-1.2924273808797201e-05,-4.291534423828125e-07,3.545880317687988e-05,0.0,-5.074739456176758e-05
Inflammatory mediator regulation of TRP channels,9.934107462563975e-09,-2.7120113372802734e-06,-7.365147272745769e-06,4.9442052841186523e-05,4.4107437133789054e-07,7.033348083496089e-07,7.43865966796875e-06,-1.1871258417765299e-05,1.3490517934163407e-06,-3.1234820683797205e-05,-6.6479047139485684e-06,-1.038511594136556e-05,-1.269976298014323e-05,0.0,-2.5757153828938798e-05,5.372365315755208e-06,0.0,3.973642985026098e-09,-2.68399715423584e-05,4.835923512776692e-06,1.2695789337158204e-06,6.260474522908529e-06,0.0,-3.4968058268229165e-06
Insulin signaling pathway,2.3659070332845052e-05,-2.0662943522135415e-06,-1.30613644917806e-05,-2.7555227279663087e-05,4.390875498453776e-07,2.3108720779418945e-05,4.134575525919597e-06,1.1358658472696942e-05,7.4605147043863935e-06,1.35342280069987e-05,-3.417332967122395e-07,-9.616216023763023e-06,-2.6086966196695967e-06,0.0,-7.85986582438151e-06,3.2226244608561196e-06,0.0,3.977616628011068e-06,4.307031631469727e-05,6.864468256632487e-06,-4.2319297790527347e-07,7.822116216023764e-06,0.0,-6.639957427978515e-06
Insulin secretion,3.3398469289143875e-06,-2.582867940266927e-07,-2.2763013839721682e-05,-2.7358531951904304e-06,-1.9927819569905597e-06,3.186464309692383e-05,1.900990804036458e-05,-4.052122433980306e-05,1.1781851450602213e-05,-3.7221113840738934e-05,-6.117423375447591e-06,3.4530957539876304e-06,-3.129243850708008e-05,0.0,1.53958797454834e-05,3.5822391510009766e-06,0.0,1.5020370483398437e-06,2.7467807133992512e-05,1.5117724736531575e-05,4.2319297790527347e-07,1.616080602010091e-05,0.0,3.1163295110066734e-05
GnRH signaling pathway,-6.18100166320801e-06,-2.195437749226888e-06,-1.112818717956543e-05,8.26716423034668e-05,1.3232231140136718e-06,-3.397464752197259e-07,-1.1567274729410809e-05,8.861223856608077e-07,6.165107091267904e-06,-1.549522082010905e-05,-1.943310101826986e-05,7.935365041097006e-06,7.947285970052094e-07,0.0,-2.6828050613403318e-05,2.864996592203776e-06,0.0,7.450580596923828e-07,-1.5608469645182292e-05,2.1874904632568357e-06,4.2319297790527347e-07,7.293621699015299e-06,0.0,-1.748800277709961e-05
Ovarian steroidogenesis,-2.370278040568033e-06,-1.418590545654297e-06,-2.6448567708333334e-05,-2.481738726298014e-05,-3.98556391398112e-06,5.1466623942057293e-05,6.612141927083333e-06,-3.031889597574869e-06,3.0795733133951813e-06,-8.375644683837891e-05,-1.911322275797526e-06,6.971756617228189e-06,-6.457169850667318e-07,0.0,-1.1446078618367513e-05,1.432498296101888e-06,0.0,7.71482785542806e-06,4.0572881698608394e-05,1.6826391220092774e-05,4.2319297790527347e-07,7.299582163492838e-06,0.0,8.755922317504883e-06
Progesterone-mediated oocyte maturation,-1.730521519978841e-06,-6.457169850667318e-07,-2.579689025878906e-05,-3.344615300496419e-05,-8.881092071533203e-07,7.702112197875975e-05,-1.528461774190267e-05,2.6504198710123703e-06,-6.894270579020181e-07,4.58955764770506e-07,8.408228556315104e-06,-1.550912857055664e-05,-2.8673807779947913e-05,0.0,-1.2872616449991862e-05,1.7901261647542317e-06,0.0,-3.973642985026042e-06,-5.6266784667968745e-06,1.6371409098307293e-05,0.0,2.6086966196695967e-06,0.0,-4.887580871582031e-06
Estrogen signaling pathway,4.927317301432292e-06,-3.7431716918945315e-06,-2.7422110239664713e-05,-8.624792098999026e-06,-6.695588429768881e-07,-1.4700492223103842e-05,1.6530354817708332e-06,2.4000803629557283e-06,6.84658686319987e-06,-4.6082337697347005e-05,-6.993611653645835e-06,-3.979603449503581e-06,-1.4923016230265298e-05,0.0,-1.4658768971761066e-05,3.2226244608561196e-06,0.0,2.483526865641276e-06,-1.8727779388427734e-05,-1.5517075856526692e-06,-1.6927719116210939e-06,3.6497910817464198e-06,0.0,-2.3798147837320963e-05
Melanogenesis,1.6039609909057615e-05,1.2914339701334635e-07,-6.07768694559733e-06,-1.851121584574381e-05,0.0,1.8558899561564128e-05,-4.124641418457031e-06,-2.853075663248698e-05,9.119510650634764e-07,-7.91013240814209e-05,3.864367802937825e-06,7.486343383789063e-06,-1.6907850901285797e-06,0.0,4.661083221435547e-06,1.432498296101888e-06,0.0,2.9961268107096358e-06,4.99427318572998e-05,6.548563639322917e-06,0.0,1.199046770731608e-05,0.0,-1.3289848963419593e-05
Prolactin signaling pathway,1.7782052357991535e-05,9.040037790934244e-07,-1.4815727869669598e-05,6.7353248596191415e-06,1.988808314005534e-06,2.4517377217610676e-05,1.1159976323445639e-05,1.2882550557454425e-05,1.0552008946736654e-05,-3.3080577850341797e-06,-6.645917892456055e-06,-3.977616628011069e-06,-5.094210306803383e-06,0.0,-2.504785855611165e-05,0.0,0.0,-1.241763432820638e-06,4.4943888982137036e-05,3.6676724751790368e-06,-4.2319297790527347e-07,9.902318318684895e-06,0.0,9.804964065551758e-06
Thyroid hormone synthesis,-1.7404556274414062e-06,-9.040037790934244e-07,-1.746217409769694e-05,3.050565719604492e-05,-2.4378299713134765e-06,5.958477656046549e-06,2.481540044148763e-06,-5.794962247212727e-05,1.2159347534179688e-05,-1.0850032170613607e-05,2.296765645345052e-06,-1.2218952178955078e-06,-4.347562789916993e-05,0.0,1.3611714045206706e-05,2.5093555450439454e-06,0.0,1.998742421468099e-06,-5.430380503336588e-05,1.0289748509724934e-05,-8.463859558105469e-07,9.906291961669923e-06,0.0,5.147457122802734e-05
Thyroid hormone signaling pathway,1.0164578755696614e-05,1.8080075581868489e-06,-1.3836224873860677e-05,3.2401084899902345e-05,-4.450480143229166e-07,2.4576981862386073e-06,-3.7133693695068353e-06,5.682309468587239e-06,2.2033850351969402e-06,-5.073149998982747e-05,2.9842058817545575e-06,-5.253156026204427e-06,2.358555793762207e-05,0.0,3.943840662638347e-06,3.596146901448568e-07,0.0,-7.450580596923828e-07,1.2481212615966794e-05,2.6563803354899086e-06,-4.231929779052735e-07,8.344650268554688e-06,0.0,-1.0492404301961263e-05
Adipocytokine signaling pathway,6.666978200276694e-05,0.0,1.3067324956258139e-05,-2.312660217285157e-06,-5.094210306803385e-06,3.186265627543132e-05,2.6861826578776043e-05,-3.0430157979329425e-05,4.434585571289062e-06,2.018411954243978e-05,1.5058120091756184e-05,-1.6725063323974607e-05,1.4444192250569715e-06,0.0,3.9458274841308595e-06,5.372365315755208e-06,0.0,5.473693211873372e-06,8.426904678344726e-05,1.137852668762207e-05,-1.2735525767008462e-06,2.242128054300944e-05,0.0,-2.4358431498209636e-06
Oxytocin signaling pathway,1.1434157689412435e-05,3.8743019104003906e-07,-1.001755396525065e-05,2.987782160441081e-05,1.1066595713297526e-06,-1.7424424489339202e-06,1.3224283854166667e-05,7.198254267374674e-06,9.753306706746419e-06,4.007418950398764e-06,5.427996317545573e-06,1.0617574055989583e-05,3.1050046284993486e-05,0.0,-1.9311904907226562e-05,1.432498296101888e-06,0.0,-4.907449086507161e-07,1.3730923334757486e-05,-3.059705098470052e-07,0.0,9.904305140177408e-06,0.0,8.412202199300131e-06
Glucagon signaling pathway,2.3504098256429035e-05,-2.5828679402669272e-06,-5.880991617838542e-06,3.794829050699871e-06,-1.7702579498291015e-06,-2.1696090698242188e-05,-2.6849905649820965e-05,-1.300374666849772e-05,-5.682309468587241e-07,3.333886464436848e-06,-2.7914841969807944e-06,6.522734959920247e-06,1.258254051208496e-05,0.0,-2.4934609731038404e-06,1.432498296101888e-06,0.0,1.4921029408772785e-06,-1.6234318415323894e-05,-2.7954578399658202e-06,-4.2319297790527347e-07,1.4078617095947267e-05,0.0,-2.3442506790161133e-05
Regulation of lipolysis in adipocytes,-1.4277299245198568e-05,-3.7431716918945315e-06,-1.758535703023275e-05,-8.203585942586263e-05,-6.202856699625651e-06,6.686647733052571e-05,-3.3462047576904296e-05,-2.095301946004232e-05,-3.166993459065755e-06,-3.971656163533531e-06,-9.278456370035807e-06,-5.060633023579915e-05,-5.1462650299072264e-05,0.0,-1.8241008122762046e-05,3.2226244608561196e-06,0.0,2.2451082865397134e-06,3.1210978825887044e-05,1.4803806940714519e-05,-1.2695789337158204e-06,9.908278783162434e-06,0.0,-3.114740053812663e-05
Renin secretion,5.567073822021484e-06,-2.3245811462402344e-06,-2.6579697926839193e-05,0.0001056075096130371,8.861223856608073e-07,-1.644492149353027e-05,4.545847574869792e-06,1.944104830423991e-05,-6.3141187032063804e-06,-0.00010281999905904135,2.1902720133463543e-05,2.7273098627726237e-05,3.550450007120769e-05,0.0,6.089607874552409e-06,1.7901261647542317e-06,0.0,-2.972284952799479e-06,-7.67807165781657e-05,-5.602836608886719e-06,0.0,7.303555806477865e-06,0.0,8.06252161661784e-06
Aldosterone synthesis and secretion,-8.400281270345054e-06,-6.457169850667318e-07,-1.765290896097819e-05,7.278919219970703e-05,-1.9987424214680993e-06,3.0469894409179687e-05,1.694361368815104e-05,-4.557371139526367e-05,1.117388407389323e-05,-3.1012296676635746e-05,-3.836552302042644e-06,1.2411673863728842e-05,-4.819035530090332e-05,0.0,-1.1082490285237632e-05,4.2994817097981775e-06,0.0,-1.7384688059488933e-06,-2.622405687967936e-05,9.040037790934244e-06,8.463859558105469e-07,1.720587412516276e-05,0.0,-2.0293394724527993e-05
Relaxin signaling pathway,2.3921330769856766e-06,-4.518032073974609e-06,-1.9786755243937176e-05,3.790855407714845e-06,-1.3311703999837239e-06,2.696116765340169e-05,-9.502967198689777e-06,-2.006689707438151e-05,-6.745258967081706e-06,-5.7828426361083994e-05,-8.745988210042317e-06,-1.3651450475056966e-05,-4.020134607950846e-05,0.0,-1.3226270675659178e-05,7.166465123494466e-06,0.0,-9.894371032714842e-07,-2.9961268107096355e-05,4.83393669128418e-06,0.0,1.0951360066731772e-05,0.0,2.8014183044433594e-05
Cortisol synthesis and secretion,1.9850333531697593e-05,9.040037790934244e-07,-2.2699435551961262e-05,7.425745328267415e-05,-2.2192796071370448e-06,5.251765251159668e-05,-2.519488334655762e-05,-2.8908252716064453e-05,1.2034177780151368e-05,-3.9652983347574876e-05,-1.3468662897745768e-05,9.596347808837889e-06,-6.730953852335612e-05,0.0,2.398292223612468e-05,3.5802523295084633e-06,0.0,-2.483526865641276e-07,-4.432002703348795e-05,1.4805793762207032e-05,0.0,7.818142573038736e-06,0.0,-1.1191765467325845e-05
"Parathyroid hormone synthesis, secretion and action",7.311503092447917e-06,-2.582867940266927e-07,9.634097417195638e-06,5.280772844950358e-05,1.986821492512908e-09,6.581942240397135e-05,-1.4454126358032227e-05,-1.0599692662556967e-05,1.4380613962809244e-05,-1.7563501993815112e-06,-8.622805277506515e-07,9.916226069132489e-06,1.3172626495361318e-06,0.0,9.671847025553386e-06,4.30146853129069e-06,0.0,-7.430712381998698e-07,-4.182656606038411e-05,1.7766157786051432e-05,-4.2319297790527347e-07,2.3460388183593748e-05,0.0,4.831552505493164e-05
GnRH secretion,1.6039609909057615e-05,-2.4537245432535806e-06,-2.812941869099935e-05,6.122191747029622e-05,-4.470348358154297e-07,-9.447336196899416e-06,-1.9413232803344726e-05,1.2878576914469403e-05,1.8280744552612304e-05,1.8630425135294596e-05,-1.9780794779459636e-05,2.739826838175456e-05,8.128086725870767e-06,0.0,-3.290971120198568e-05,1.7921129862467448e-06,0.0,-2.729892730712891e-06,2.8087695439656576e-05,8.573134740193685e-06,-4.2319297790527347e-07,2.0881493886311848e-06,0.0,2.6967128117879232e-05
"Growth hormone synthesis, secretion and action",4.7743320465087896e-06,2.582867940266927e-07,-2.1537144978841145e-05,7.320443789164226e-05,-1.9927819569905597e-06,3.2556056976318355e-05,-7.0194403330485025e-06,2.26895014444987e-06,2.3345152537027998e-06,1.110235850016276e-05,-1.9252300262451175e-05,-7.172425587972004e-07,-1.859267552693685e-05,0.0,-1.71661376953125e-05,3.5762786865234375e-07,0.0,-1.241763432820638e-06,-4.7441323598225915e-05,1.2616316477457682e-05,-4.2319297790527347e-07,1.0428826014200848e-05,0.0,9.814898173014322e-06
Aldosterone-regulated sodium reabsorption,-2.843141555786132e-06,2.8411547342936197e-06,-2.735455830891927e-05,3.995498021443683e-06,-2.658367156982422e-06,1.9609928131103516e-05,1.2457370758056642e-06,-4.128019014994303e-05,2.4954477945963543e-05,3.192424774169921e-05,-3.850460052490235e-06,-2.415776252746582e-05,-2.47955322265625e-06,0.0,-2.8979778289794925e-05,1.432498296101888e-06,0.0,1.5020370483398437e-06,1.9977490107218426e-05,4.208087921142578e-06,-8.4837277730306e-07,1.0510285695393882e-06,0.0,3.3619006474812824e-05
Endocrine and other factor-regulated calcium reabsorption,-1.0782480239868164e-05,2.582867940266927e-07,-1.946290334065755e-05,-2.8822819391886393e-05,8.841355641682943e-07,-1.049041748046874e-06,2.3142496744791666e-05,-3.14335028330485e-05,1.1909008026123046e-05,-3.344416618347168e-05,-5.596876144409179e-06,7.033348083496094e-06,2.0980834960937506e-06,0.0,6.4551830291748045e-06,1.0748704274495444e-06,0.0,6.7194302876790365e-06,3.120700518290202e-05,4.3690204620361335e-06,-4.2319297790527347e-07,1.1469920476277668e-05,0.0,1.891056696573893e-05
Vasopressin-regulated water reabsorption,7.945299148559571e-06,-9.040037790934244e-07,-1.0093053181966146e-05,-1.0309616724650067e-05,1.7702579498291015e-06,5.0061941146850585e-05,3.3080577850341797e-06,-3.9011240005493164e-05,-7.549921671549474e-08,2.5504827499389644e-05,1.8401940663655596e-05,1.3637542724609377e-05,2.122918764750163e-05,0.0,-4.645188649495444e-06,2.5093555450439454e-06,0.0,1.2437502543131509e-06,0.00010861357053120932,1.3248125712076822e-05,-2.115964889526367e-06,8.85923703511556e-06,0.0,1.786351203918457e-05
Proximal tubule bicarbonate reclamation,-1.379847526550293e-05,-5.145867665608725e-07,-9.051958719889323e-06,2.1258989969888962e-07,-5.5352846781412765e-06,1.1561314264933268e-05,3.0994415283203125e-05,-3.5981337229410805e-05,2.7487675348917644e-05,8.877118428548177e-06,-2.1360317866007484e-05,-1.4994541803995766e-05,2.702077229817713e-07,0.0,-1.4301141103108722e-05,2.5093555450439454e-06,0.0,5.972385406494141e-06,-2.060135205586751e-05,3.437201182047526e-06,-4.2517979939778643e-07,2.1378199259440105e-05,0.0,1.1559327443440754e-05
Collecting duct acid secretion,-1.6017754872639975e-05,1.6788641611735027e-06,2.6444594065348308e-06,-2.9025475184122727e-05,-3.1034151713053383e-06,8.787115414937337e-05,1.9425153732299807e-05,3.159046173095703e-06,-8.171796798706054e-06,5.031824111938476e-05,-4.2899449666341154e-05,3.586014111836751e-05,-2.2522608439127608e-05,0.0,2.6845932006835933e-05,5.3783257802327475e-06,0.0,2.543131510416666e-07,5.4933627446492506e-05,2.19722588857015e-05,-1.2755393981933595e-06,-2.6086966196695967e-06,0.0,-2.729098002115885e-05
Salivary secretion,5.960464477539289e-09,-1.4205773671468098e-06,-1.1895100275675457e-05,7.993777592976889e-05,2.1855036417643228e-07,1.646081606547038e-05,1.6570091247558594e-06,1.843372980753581e-05,9.008248647054038e-06,-3.971656163533528e-06,-2.4398167928059894e-06,2.355774243672689e-05,-1.38700008392334e-05,0.0,-1.502235730489095e-05,5.733966827392578e-06,0.0,7.218122482299805e-06,4.307031631469726e-05,7.847944895426432e-07,1.2695789337158204e-06,8.861223856608072e-06,0.0,2.8073787689208985e-06
Gastric acid secretion,-5.702177683512371e-06,2.582867940266927e-07,-3.033280372619629e-05,4.123449325561524e-05,8.841355641682943e-07,-1.1193752288818358e-05,-7.434686024983724e-06,6.4412752787272125e-06,1.5435616175333657e-05,1.730521519978841e-05,-4.013379414876303e-06,-3.3694505691528324e-05,-6.692210833231608e-05,0.0,1.325408617655436e-05,7.152557373046875e-07,0.0,-3.4729639689127608e-06,9.98377799987793e-06,3.28222910563151e-06,-4.2319297790527347e-07,6.771087646484374e-06,1.3113021850585936e-07,-1.7497936884562174e-05
Pancreatic secretion,1.9532442092895507e-05,3.0994415283203125e-06,-5.565087000528972e-06,6.879369417826335e-05,1.99278195699056e-06,2.311070760091146e-05,2.314249674479167e-05,3.282229105631511e-05,6.2962373097737626e-06,-1.9808610280354814e-06,-1.1895100275675454e-05,2.0486116409301757e-05,3.943244616190593e-05,0.0,4.939436912536621e-05,0.0,0.0,7.589658101399737e-07,2.5590260823567714e-05,9.196996688842772e-06,-4.2319297790527347e-07,7.818142573038736e-06,0.0,-2.0998716354370114e-05
Carbohydrate digestion and absorption,7.1446100870768225e-06,-2.9683113098144534e-06,-3.5826365152994795e-05,3.365675608317059e-06,-4.430611928304036e-07,-9.447336196899414e-06,1.2397766113281242e-06,6.949901580810546e-06,-2.9146671295166015e-06,-3.2343467076619466e-05,-4.192193349202474e-06,2.2947788238525395e-06,3.413359324137369e-06,0.0,-5.358457565307617e-06,2.1477540334065754e-06,0.0,-7.390975952148438e-07,1.8101930618286132e-05,-4.051129023234049e-06,-8.503595987955729e-07,7.822116216023762e-06,0.0,2.1370251973470054e-05
Protein digestion and absorption,-6.182988484700522e-06,-1.5497207641601562e-06,-3.0201673507690432e-05,-8.829434712727866e-06,-2.225240071614583e-07,3.885825475056966e-05,3.310044606526692e-06,-3.6636988321940122e-06,6.22868537902832e-06,-1.3945500055948895e-05,-2.0130475362141928e-05,-1.1857350667317707e-05,5.947550137837728e-05,0.0,4.760622978210449e-05,2.864996592203776e-06,0.0,-2.7239322662353513e-06,-4.307230313618978e-05,9.665886561075846e-06,4.2319297790527347e-07,1.77303949991862e-05,0.0,3.1570593516031902e-06
Fat digestion and absorption,5.5400530497233075e-05,2.5828679402669272e-06,1.4098485310872396e-05,8.414586385091147e-05,8.861223856608072e-07,-1.5050172805786133e-05,4.959106445312499e-05,2.486904462178548e-05,7.464488347371419e-06,-3.987948099772136e-05,-1.3947486877441408e-06,-6.669759750366212e-06,-1.74105167388916e-05,0.0,6.084044774373372e-05,-8.225440979003906e-06,0.0,-4.961093266805013e-06,7.365743319193522e-05,-9.57647959391276e-06,3.3855438232421878e-06,4.172325134277345e-06,0.0,-2.659757932027181e-05
Bile secretion,-1.6176700592041014e-05,-5.165735880533854e-07,-1.4809767405192059e-05,7.784366607666015e-06,-2.213319142659505e-06,4.340410232543945e-05,-1.9826491673787438e-05,-3.21964422861735e-05,2.5570392608642578e-05,6.87440236409508e-07,3.973642985026098e-09,1.395742098490397e-05,-3.6134322484334304e-05,0.0,4.303455352783203e-06,-1.0728836059570312e-06,0.0,4.482269287109375e-06,4.7439336776733404e-05,1.2471278508504233e-05,0.0,1.1994441350301108e-05,0.0,5.1116943359375e-05
Vitamin digestion and absorption,2.016822497049967e-05,2.7060508728027343e-06,-2.195437749226888e-06,-2.6082992553710942e-05,2.000729242960612e-06,1.925826072692871e-05,-5.081693331400553e-05,2.550482749938965e-05,1.5805164972941082e-05,7.646679878234862e-05,4.390875498453776e-06,-2.00668970743815e-07,-5.3298473358154306e-05,0.0,4.545450210571289e-05,-1.0728836059570312e-05,0.0,5.4836273193359375e-06,-1.3730923334757487e-05,1.7225742340087883e-06,8.463859558105469e-07,-3.1232833862304687e-06,0.0,8.06450843811035e-06
Mineral absorption,-5.865097045898439e-06,-3.4828980763753257e-06,-2.3669004440307615e-05,-7.888078689575194e-05,2.215305964152018e-06,-4.537900288899742e-06,-4.541873931884765e-06,1.5906492869059245e-05,1.0122855504353842e-05,-1.3947486877441406e-05,2.4517377217610677e-06,2.4578968683878578e-05,2.122918764750163e-05,0.0,-1.7523765563964844e-05,3.943840662638347e-06,0.0,4.736582438151041e-06,3.308256467183431e-05,-5.7657559712727865e-06,-1.2735525767008462e-06,1.720388730367025e-05,0.0,1.0158618291219077e-05
Cholesterol metabolism,1.4454126358032227e-05,3.614028294881185e-06,-1.287460327148437e-06,3.176132837931315e-05,-6.63598378499349e-07,4.41133975982666e-05,-5.775690078735351e-06,-2.9534101486206055e-05,-2.6722749074300123e-06,4.3231248855590824e-05,2.1555026372273766e-05,-1.3846158981323241e-05,-2.919634183247884e-05,0.0,-2.1378199259440104e-06,3.941853841145834e-06,0.0,2.737840016682943e-06,0.00019288063049316406,7.0174535115559905e-06,4.2319297790527347e-07,1.0428826014200846e-05,1.3113021850585936e-07,5.4625670115152997e-05
Cobalamin transport and metabolism,1.3659397761027021e-05,1.5497207641601562e-06,-2.2894144058227537e-05,0.00013126532236735025,-5.9803326924641924e-06,-5.530317624409994e-05,-5.8668851852416996e-05,1.540382703145345e-05,2.173582712809245e-05,6.339550018310548e-05,-6.473064422607421e-06,-7.728735605875669e-07,1.8211205800374347e-05,0.0,-4.7942002614339195e-05,3.5762786865234375e-07,0.0,3.4928321838378907e-06,4.806717236836752e-05,-1.4330943425496418e-05,-2.549091974894206e-06,1.043279965718587e-05,0.0,-8.040666580200196e-06
Folate transport and metabolism,2.7469793955485023e-05,-1.8080075581868489e-06,-2.5480985641479492e-05,0.00014999111493428546,-5.312760670979817e-06,6.301601727803548e-05,-1.4873345692952474e-05,-8.660356203715005e-05,1.7287333806355796e-05,8.112589518229165e-05,3.188053766886393e-05,3.059705098470025e-07,-2.8934081395467123e-05,0.0,2.1477540334065754e-05,-1.0728836059570312e-06,0.0,-9.874502817789713e-07,7.677872975667318e-05,1.2624263763427733e-05,-1.986821492513021e-09,6.258487701416016e-06,0.0,4.7095616658528645e-05
